Name,Msg File,FRM file,Prefix,Location,Mod,TH Mod,Status,VoiceActor,Description,AuditionLineA,AuditionLineB,AuditionLineC,WikiLink,ImageFile,InVockScope,Companion,CompanionMod
Brother Matthew,abmatt,bmatt,bmatt,Abbey,VOCK,Talking Heads,Auditioning,,"A warm presence, Brother Matthew is the Abbey’s preacher and usually found holding a sermon for the locals and fellow monks.","Good people of the Abbey. Take a moment to listen, for I have much to say.","Greetings, friend. I don't think I have seen you around here before. My name is Brother Matthew and I help spread the word about the importance of preserving the knowledge of the old ones.","The Abbey is home to anyone, so long as they don't cause trouble. We are an independent community and rarely get visitors, such as yourself.",https://f2rp.bgforge.net/abbey/,abmatt.png,Yes,,
Abbey Merchant,abmerch1,merch,,Abbey,THAT,Talking Heads,Completed,<unknown>,,,,,https://f2rp.bgforge.net/abbey/,abmerch1.png,Yes,,
Peterson,abpetson,pet,pet,Abbey,VOCK,Talking Heads,Auditioning,,Mr. Peterson is a young man who owns a small farm near the Abbey’s cathedral.,"Hello, friend. Haven't seen you around here before. First time to the Abbey?","Let me tell ya, the Abbey might not be as flashy as New Reno, or as advanced as Vault City, but as far as I'm concerned, this place is about as good as it gets in the wastes.","Sorry pal, I've never heard of it. But if it has to do with pre-war times, then I bet there's something about it in the monastery's computers.",https://f2rp.bgforge.net/abbey/,abpetson.png,Yes,,
Klint,acklint,klint,,Arroyo,THAT,Talking Heads,Completed,<unknown>,,,,,https://fallout.fandom.com/wiki/Klint,acklint.png,Yes,,
Morlis,acmorlis,mor,mor,Arroyo,VOCK,Talking Heads,Auditioning,,"Old and bitter, Morlis is The Chosen One’s aunt who never had much affection for them.","Why do you bother me, nephew? Can't you see I'm busy?","He said what? Out with it, child!","Well, here you are again. Have you once again failed to complete your quest?",https://fallout.fandom.com/wiki/Morlis,acmorlis.png,Yes,,
Mynoc,acmynoc,mynoc,,Arroyo,THAT,Talking Heads,Completed,<unknown>,,,,,https://fallout.fandom.com/wiki/Mynoc,acmynoc.png,Yes,,
Cameron,actemvil,cam,,Arroyo,THAT,Talking Heads,Completed,Tom Demont,,,,,https://fallout.fandom.com/wiki/Cameron_(Arroyo),actemvil.png,Yes,,
Arroyo Elder,ahelder,elder,,Arroyo,FO2,Fallout 2,Completed,Flo DiRe,,,,,https://fallout.fandom.com/wiki/Arroyo_elder,ahelder.png,Yes,,
Hakunin,ahhakun,"hakun
haku2
haku3",,Arroyo,FO2,Fallout 2,Completed,Dwight Schultz,,,,,https://fallout.fandom.com/wiki/Hakunin,ahhakun.png,Yes,,
Abbot,ahmonk,abott,,Abbey,THAT,Talking Heads,Completed,<unknown>,,,,,https://f2rp.bgforge.net/abbey/,ahmonk.png,Yes,,
Brother Paul,amonk5,paul,paul,Abbey,VOCK,Talking Heads,Completed,Matt Bartlett,"Appointed to the conservation of knowledge by digitally transcribing books, Brother Paul is aware of the Abbey’s laws regarding studying the old world but often finds himself reading them in secret. He’s particularly fond of botany books.","I can't express to you the tedium of having to back up all these files each and every day. There's just so much information to preserve, but, of course, it must be done.","The Abbot is a good spiritual leader, but he's been a little cranky since we lost Brother Thomas to the beast.",Did you know a notch in a tree will remain the same distance from the ground as the tree grows?,https://f2rp.bgforge.net/abbey/,amonk5.png,Yes,,
Chrissy,bccrissy,chrsy,chrsy,Vault 15,VOCK,Talking Heads,Completed,Megan Rowe,"A young member of the Squatters, Chrissy is being held captive by the New Khans after she accidentally discovered the entrance to their base. A lot tougher than she looks, she won’t hesitate to defend herself.","Let me guess. The guys are tired of me kicking them where it hurts, so they sent you in here.","A bow tie?  It's like a scarf, but for men. Now, just imagine me kicking you SO hard that you end up wearing your dangly about your neck. Get it?","My knight in shining armor returns. Well, it would shine if you'd clean it every once in a while.",https://fallout.fandom.com/wiki/Chrissy,bccrissy.png,Yes,,
Dalia,bcdalia,dalia,,Vault 15,THAT,Talking Heads,Completed,<unknown>,Same NPC as the other Dalia row — she relocates from the New Khans camp (Vault 15) to Vault 13.,,,,https://fallout.fandom.com/wiki/Dalia,bcdalia.png,Yes,,
Dalia,ocdalia,dal13,,Vault 13,THAT,Talking Heads,Completed,<unknown>,Same NPC as the other Dalia row — she starts in the New Khans camp (Vault 15) and relocates here to Vault 13.,,,,https://fallout.fandom.com/wiki/Dalia,ocdalia.png,Yes,,
Darion,bcdarion,dario,dario,Vault 15,VOCK,Talking Heads,Auditioning,,"Darion is the leader of the New Khans raiders. His band is a derivative of The Great Khans of which he is the only survivor after The Chosen One’s ancestor, the Vault Dweller, wiped them out while rescuing a young President Tandi. He now lives in fear inside of Vault 15, ready to incinerate any trespassers with his flame thrower. He has a dog called ""Baddog"".","So, here you are at last. The savior of the downtrodden, the righter of wrongs, the icon of hope for humanity. What a dumb-ass!","Well, before you start any boring speeches, I'd just like to say that I'm not fucking interested.","Let's just cut to the chase and get this over with. Baddog, kill!",https://fallout.fandom.com/wiki/Darion,bcdarion.png,Yes,,
Doc Jones,bcjones,jones,jones,Vault 15,VOCK,Talking Heads,Auditioning,,"Doc Jones works for the New Khans of Vault 15, albeit against his will. Serving as the personal doctor for Darion, he is privy to many of the New Khans' leader's personality disorders and eccentricities.","Hello, I'm Doc Jones. You can call me Doc. What can I help you with?","Darion is a mental case, plain and simple. He's got more spooks in his head than his dog has fleas.","Here, you'll need to drink this -- all of it, I know it tastes foul. Now, just lie down on the bed over there, and I'll wake you in the morning.",https://fallout.fandom.com/wiki/Jones_(Fallout_2),bcjones.png,Yes,Yes,RPCE
Rebecca,bcrebecc,rb15,rb15,Vault 15,VOCK,Talking Heads,Auditioning,,"An older member of the Squatters, Rebecca is the mother of Chrissy whom she loves dearly and is worried about her recent disappearance. Like many members of her “tribe” she is wary of strangers.","Hi, I'm Rebecca. Can we talk privately, please?",You may think I'm crazy but I get the feeling I'm being watched all the time.,"I have a daughter named Chrissy who's a bit of a tomboy. She likes to run around, explore, and pretty much stick her nose into things. Chrissy's a good kid, though.",https://fallout.fandom.com/wiki/Rebecca_(Vault_15),bcrebecc.png,Yes,,
Zeke,bczeke,zeke,zeke,Vault 15,VOCK,Talking Heads,Auditioning,,"Zeke is the elderly leader of the Vault 15 Squatters (a group of wanderers and vagrants). He will do anything to protect his people, even strike deals with less than agreeable individuals.","My name's Zeke, stranger. I'm sorry, but I don't have time to talk to you -- and I don't think there's anything in this town for you, anyway. You should move on.",Why don't you take a hint and get the duck out of fodge?,"They have the guns, they control the water, and they control the food. That means they are in charge. Period.",https://fallout.fandom.com/wiki/Zeke_(Fallout_2),bczeke.png,Yes,,
Chris,ccchris,chris,chris,Navarro,VOCK,Talking Heads,Auditioning,,"Chris is an old man who is the sentry and overwatch radioman at the Navarro gas station, posing as a gas station attendant. His role is to dissuade travellers from proceeding ahead towards the base, as well as receiving fresh recruits from other Enclave bases in the area of operation.","This here's my place, Chris's. It's a service station - ain't you ever seen one of those, in old magazines and such? That's what I got here - a service station.","Navarro? Ain't heard that name in ages. Old military base southeast of San Fran, and that's a ways south of here",Alert! We got an intruder at the station! Alert!,https://fallout.fandom.com/wiki/Chris_(Fallout_2),ccchris.png,Yes,,
Doctor Schreber,ccdoctor,sch,,Navarro,THAT,Talking Heads,Completed,SoldierHobbes,,,,,https://fallout.fandom.com/wiki/Schreber,ccdoctor.png,Yes,,
Sergeant Arch Dornan,ccdrill,power,,Navarro,FO2,Fallout 2,Completed,Peter Jason,,,,,https://fallout.fandom.com/wiki/Arch_Dornan,ccdrill.png,Yes,,
Enclave Gate Guard,ccgguard,power,,Navarro,FO2,Fallout 2,Completed,Peter Jason,,,,,https://fallout.fandom.com/wiki/Enclave_Gate_Guard,ccgguard.png,Yes,,
K-9,cck9,rdog,,Navarro,THAT,Talking Heads,Completed,<unknown>,,,,,https://fallout.fandom.com/wiki/K-9,cck9.png,Yes,Yes,
Navarro Base Commander,ccmandr,cmdr,cmdr,Navarro,VOCK,Talking Heads,Auditioning,,"A military man through-and-through, the Navarro base commander has very little patience with unruly subordinates and is very quick to dismiss them – or worse.",I don’t have time to chitchat with the grunts. You’re dismissed.,"Make it quick soldier, I don’t have all day to stand around.","Wrong answer, maggot. You’re to carry your papers with you at all times. You should know that!",https://fallout.fandom.com/wiki/Navarro_base_commander,ccmandr.png,Yes,,
Quartermaster,"ccmaster
ccqmstr","qm2
qm","qm2
qm",Navarro,VOCK,Talking Heads,Auditioning,,"Navarro’s Quartermaster is a pretty easy-going fellow with close relations to the base's drill sergeant, Arch Dornan. He has a brother with stunted mental development serving in the Enclave Armed Forces.",You the guy Arch radioed about?,"This base is on alert and I don't recognize you. Show me your papers, soldier.",What the... I can see why you're here. You obviously want to get rid of that antique suit you're wearing.,https://fallout.fandom.com/wiki/Quartermaster_(Fallout_2),ccmaster.png,Yes,,
Quincy,ccquincy,quin,quin,Navarro,VOCK,Talking Heads,Auditioning,,"Head of Navarro’s technical crew, Quincy is a responsible man who takes his job very seriously. He has a short temper towards people he deems incompetent. He is rivals with Raul, Navarro’s lead Vertibird mechanic.","Name's Quincy, soldier. Why are you tapping my shoulder and looking lost?","You're one round short of a full clip, aren't you? Well, they call you grunts for a reason. Look, Einstein, I can't give you the plans without authorization, okay?","Damn it! You know, Raul would lose his head if it weren't placed so firmly up his ass! This is the third time this quarter that he's lost those plans!",https://fallout.fandom.com/wiki/Quincy_(Fallout_2),ccquincy.png,Yes,,
Raul,ccraul,raul,raul,Navarro,VOCK,Talking Heads,Auditioning,,"Raul is Navarro's premier Vertibird mechanic. He has a characteristic attitude, speaking about himself in third person and an unhealthy obsession about keeping Vertibirds in top shape. He has a heated rivalry with Quincy, Navarro’s head of the technical crew.","Sorry, man, but I don't have time to chit-chat, you know? I got to get this bird working.","Hey man, Raul don't take no shit from nobody. You see Quincy working on these birds? No way, man. Only Raul works on these babies. You know why? Cause Quincy don't know DICK, man, that's why!","Hey, thanks, man. Raul owes you one! Don't go away and, hey, man, if anybody screws with Raul's birds, you shoot them in the ass. Ok?",https://fallout.fandom.com/wiki/Raul_(Fallout_2),ccraul.png,Yes,,
Xarn,ccxarn,xarn,,Navarro,THAT,Talking Heads,Completed,TonyTwoTap,,,,,https://fallout.fandom.com/wiki/Xarn,ccxarn.png,Yes,,
Great Ananias,dcanan,ana,ana,The Den,VOCK,Talking Heads,Auditioning,,"Ananias is a short, mustachioed man with a somewhat criminal look about him. He is a self-proclaimed magician that claims to have found a great ""jan-u-wine"" (genuine) mummy and to have a haunted house next door. He charges money ($25) for seeing the mummy, of course. In fact, the ""mummy"" is a sleeping, comatose ghoul named Woody. The haunted house has more basis in fact: Anna Winslow's ghost recently has become restless because her locket was stolen from the haunted house by Joey, a local thug and Jet dealer.","Hello, welcome, salutations! I am the Great Ananias (he offers you a slight bow, with a flourish). I bring mysteries from near and far friend. Mysteries from a world beyond our own... of the Netherworld.","No, my friend, a MUMMY! Straight from the sands of ancient Egypt to the sands of the Wastes! Exclusively for you to see!",,https://fallout.fandom.com/wiki/Great_Ananias,dcanan.png,Yes,,
Anna Winslow,dcanna,anna,anna,The Den,VOCK,Talking Heads,Auditioning,,"Late at night in an old ruined building, The Chosen One can find Anna Winslow, a wandering spirit. Her speech is incoherent but she seems concerned about a certain “locket”.","Oh, the pain! It burns so!",Where is it? I cannot find it! I am lost! Oh....,It's so bright…,https://fallout.fandom.com/wiki/Anna_Winslow,dcanna.png,Yes,,
Flick,dcflick,flick,flick,The Den,VOCK,Talking Heads,Auditioning,,"A shady character with an Italian accent, Flick fancies himself a philanthropist, helping the impoverished children of the Den by putting them to work as pickpocketers in return for some shelter and food.","I'm a fuckin' provider, waddya think? I'm like a good Samurai-itan guy","What you talkin' about? You think I'm a fucking stupid pirla? Some dumb filio di puttana? You think I'm some kinda clown? Am I here to amuse you, is that it?","I provide fer them little paisanos. Pai-san-o, you know, the kids. My kids.",https://fallout.fandom.com/wiki/Flick,dcflick.png,Yes,,
Frankie,dcfranki,frank,frank,The Den,VOCK,Talking Heads,Auditioning,,"Frankie is the short-tempered owner of “The Hole”, a bar on the eastern side of The Den. He has a heated rivalry with Rebecca Dyer and her establishment, although it’s more one sided than he thinks.",I'm Frankie and yer standing in 'The Hole.' Best damn bar for a hundred miles!,I don't want people like you in my place. Get out!,"Go talk to Sheila. Hey, Sheila, you got a customer!",https://fallout.fandom.com/wiki/Frankie_(Fallout_2),dcfranki.png,Yes,,
Joey,dcjoey,joeyd,,The Den,THAT,Talking Heads,Completed,<unknown>,,,,,https://fallout.fandom.com/wiki/Joey,dcjoey.png,Yes,,
Lara,dclara,larad,larad,The Den,VOCK,Talking Heads,Auditioning,,"Leader of a small gang and subordinate to Metzger, Lara is cunning and calculative. She's a rival to Tyler, another local gang leader. The Chosen can turn the tides in her favour.",The name's Lara; I run this gang. You better not be here to cause trouble or you're in for a world of hurt.,If you didn't come to The Den for a specific reason you should probably leave. It's not very safe around here.,Coward!,https://fallout.fandom.com/wiki/Lara_(Fallout_2),dclara.png,Yes,Yes,RPCE
Metzger,dcmetzge,metzg,metzg,The Den,VOCK,Talking Heads,Cast,Bailey Geen - stab0talksVA,"Ruthless and borderline psychotic, Metzger is the feared leader of the Slaver’s Guild chapter in The Den. If they are so inclined, The Chosen can work for him.",What the fuck do you want? This is the Slaver's Guild not some safe house for you fucking jet heads.,"So, our delicate little flower girl returns, you changed your mind then?",You here to work for a fucking change?,https://fallout.fandom.com/wiki/Metzger,dcmetzge.png,Yes,,
Mom,dcmom,mom,,The Den,THAT,Talking Heads,Completed,coolartist1110,,,,,https://fallout.fandom.com/wiki/Mom_(Fallout_2),dcmom.png,Yes,,
Rebecca Dyer,dcrebecc,rbcca,rbcca,The Den,VOCK,Talking Heads,Auditioning,,"Easy on the eyes, Rebecca is the owner of “Becky’s”, the local bar and casino. Despite being a ruthless businesswoman, she’s one of the few upstanding citizens of The Den.",Hey! You want a drink or did you just come back to say hi?,"Well, since you're such a good customer, I'll let you in on a little secret.","Whiskey is my specialty. It's almost a tradition in the Dyer family. I charge the low, low price of only $5",https://fallout.fandom.com/wiki/Rebecca_Dyer,dcrebecc.png,Yes,,
Sheila,dcsheila,shela,shela,The Den,VOCK,Talking Heads,Auditioning,,"Bored and disinterested, Sheila is a sell body working at “The Hole”. She has little patience for small talk.",Whatever…,I don't get paid enough for this.,"Hey, it’ll cost more if you've got an audience with ya.",https://fallout.fandom.com/wiki/Sheila_(Fallout_2),dcsheila.png,Yes,,
Smitty,dcsmitty,smit,,The Den,THAT,Talking Heads,Completed,Aaren Kelley,,,,,https://fallout.fandom.com/wiki/Smitty_(Den),dcsmitty.png,Yes,,
Tubby,dctubby,tubby,tubby,The Den,VOCK,Talking Heads,Completed,Dmitry Medvedenko,"Tubby is the sleazy owner of “Tubby’s”, a weapon and chem shop in The Den.","Hello, sir, and welcome to Tubby's. I am the proprietor. May I help you?","Only the strongest, fastest or smartest will survive here. I'm sure you will find your niche.",Oh my. I can tell we will have a communication problem. Please nod if you would like to trade any goods.,https://fallout.fandom.com/wiki/Tubby,dctubby.png,Yes,,
Tyler,dctyler,tyler,,The Den,THAT,Talking Heads,Completed,<unknown>,,,,,https://fallout.fandom.com/wiki/Tyler_(Fallout_2),dctyler.png,Yes,,
Vic,dcvic,vic,vic,The Den,VOCK,Talking Heads,Auditioning,,"A crafty trader and repairman, Vic is a friendly but slightly naive individual who’s currently being held captive by slavers. He has the habit of calling everyone “Boss”.","Okay, Boss!","Metzger's still quite upset with me, even though we fixed his darn radio. He's threatening to sell me off! I'll do anything you ask if you can get me out of this mess.","Sure, I'll join up with you! This old fart has one big adventure left in him.",https://fallout.fandom.com/wiki/Vic,dcvic.png,Yes,Yes,
Arthur Pendragon,ecarthur,arth,arth,Special Encounter,VOCK,Talking Heads,Completed,Tsovir,"Born to a father by the name of Uther, Arthur has been with the Brotherhood of Steel searching for the Holy Hand Grenade for a long time.","Hail, travelers. My name is Arthur, son of Uther Pendragon, from the Brotherhood of Steel. We are on quest for the Holy Hand Grenade of Antioch. Hast thou seen it?","The Holy Hand Grenade of Antioch? Why, 'tis only the greatest hand held, anti-personnel weapon of its kind.",Bloody peasant!,https://fallout.fandom.com/wiki/Arthur_Pendragon,ecarthur.png,Yes,,
Sir Bedemir,ecbedemi,,,Special Encounter,,,,,,,,,https://fallout.fandom.com/wiki/Bedemir,,No,,
Bridge Keeper,ecbridge,brige,brige,Special Encounter,VOCK,Talking Heads,Auditioning,,"The Bridge Keeper is a wild-eyed man with an unkempt beard, a raspy voice, and an oddly, smelly, filthy brown and purple garment made out of special fabrics. His main purpose is to guard a bridge and tell riddles to unsuspecting travellers, if they fail to answer correctly they inexplicably explode into many tiny pieces.","Stop! Who would cross the Bridge of Death must answer me these questions three, 'ere the other side he see.",How much weight can a person with a strength of six carry assuming he has the Strong Back perk?,Right. Off you go.,https://fallout.fandom.com/wiki/Bridgekeeper,ecbridge.png,Yes,,
Concorde,ecconcor,,,Special Encounter,,,,,,,,,https://fallout.fandom.com/wiki/Concorde,,No,,
Dogmeat,ecdogmet,dogmt,dogmt,Special Encounter,VOCK,Talking Heads,Auditioning,,"A fan favourite who needs little introduction, Dogmeat is the eternally loyal companion to The Chosen One and his ancestor.",Awooooooooooo!,Grrrrrr!,Woof!,https://fallout.fandom.com/wiki/Dogmeat_(Fallout),ecdogmet.png,Yes,Yes,
Eric,eceric,,,Special Encounter,,,,,,,,,https://fallout.fandom.com/wiki/Eric_(special_encounter),,No,,
Sir Galahad,ecgalaha,,,Special Encounter,,,,,,,,,https://fallout.fandom.com/wiki/Galahad,,No,,
John,ecjohn,,,Special Encounter,,,,,,,,,https://fallout.fandom.com/wiki/John,,No,,
Joshua,ecjoshua,,,Special Encounter,,,,,,,,,https://fallout.fandom.com/wiki/Joshua_(special_encounter),,No,,
Kaga,"eckaga1
eckaga2
eckaga3
eckaga4
eckaga5",kaga,kaga,Special Encounter,VOCK,Talking Heads,Completed,Richard Manzano - Sp3lunky,"Once one of Arroyo’s greatest warriors, Kaga’s soul was corrupted by outside influences turning him into a wicked man. He was banished by the tribe and now seeks revenge by attacking the Chosen One any chance he gets as he believes the title should be his. He likes talking in the third person.","So, they cast out Kaga, then deem YOU the Chosen One? Ha!","You think you are better than I, Kaga the Great?!",Kaga won't even bother speaking with you further. Prepare to die at the hands of Kaga!,https://f2rp.bgforge.net/random-encounters/,eckaga1.png,Yes,,
Patsy,ecpatsy,,,Special Encounter,,,,,,,,,https://fallout.fandom.com/wiki/Patsy,,No,,
Sir Robin,ecrobin,,,Special Encounter,,,,,,,,,https://fallout.fandom.com/wiki/Robin_(Fallout_2),,No,,
Sir Launcelot,ecsirlau,,,Special Encounter,,,,,,,,,https://fallout.fandom.com/wiki/Launcelot,,No,,
Dex,epac10,dex,,EPA,THAT,Talking Heads,Completed,<unknown>,,,,,https://f2rp.bgforge.net/epa/,epac10.png,Yes,,
Sergeant Cat Jules,epac11,cat,,EPA,THAT,Talking Heads,Completed,<unknown>,,,,,https://f2rp.bgforge.net/epa/,epac11.png,Yes,,
Kitsune,epac12,kit,kit,EPA,VOCK,Talking Heads,Auditioning,,"As dangerous as she is beautiful, Kitsune was a Chinese spy during Pre-War times. She may have more secrets to hide. The Chosen One awakes her after she was cryogenically frozen in a Pre-War research facility.",Is it over? The War…Who won?,What do you do when you've been hibernating for over a century? Even bears don't sleep that long.,Maybe... maybe I will take my chances with you.,https://f2rp.bgforge.net/epa/,epac12.png,Yes,,
Badger,fcbadger,badge,badge,San Francisco,VOCK,Talking Heads,Auditioning,,"Well liked by his peers, Badger is the hacker and “information retriever” for the Tanker Vagrants. A good natured individual and burping enthusiast, he likes to bring up how he used to play in a band.",*Loud Belch* Whaddya want?,I'm Badger. I used to have a band. *sigh* Called ourselves “There We Smolder”. Now I'm the resident computer tech in San Fran.,"Thank you, thank you, thank you. I can't thank you enough for saving her.",https://fallout.fandom.com/wiki/Badger_(Fallout_2),fcbadger.png,Yes,,
Chip,fcchip,chip,chip,San Francisco,VOCK,Talking Heads,Auditioning,,"Usually cheerful fellow, Chip of Tanker Vagrants is less so due to him losing his spleen in a bet.","Ooh, my guts... ow, ow, ow.",Piss off.,"Dude, I heard you found my spleen. Did you know to talk to Dr. Fung about putting it back in me?",https://fallout.fandom.com/wiki/Chip,fcchip.png,Yes,,
Dragon,fcdragon,drago,,San Francisco,THAT,Talking Heads,Completed,<unknown>,,,,,https://fallout.fandom.com/wiki/Dragon_(Fallout_2),fcdragon.png,Yes,,
Dr. Fung,fcdrfung,fung,fung,San Francisco,VOCK,Talking Heads,Auditioning,,"An old man with a wizened appearance, Dr. Fung is The Shi’s resident physician and one the best in the wasteland as he is capable of replacing organs, implanting battle armor plating and performing general healing.",Who am I? I am Dr. Fung. I teach and I heal.,"You're hurt? Tsk, tsk. Ancient remedy will cure that.","This is a major operation. It will cost you your ""good looks"", a set of combat armor, and $49000. Are you willing to invest in this?",https://fallout.fandom.com/wiki/Fung,fcdrfung.png,Yes,,
Wong Yi Tze,fcdrwong,wong,wong,San Francisco,VOCK,Talking Heads,Auditioning,,"Short, rotund and jovial Dr. Wong is a welcome contrast to many of his fellow Shi scientists. He’s the lead researcher of his faction whose knowledge in machinery and computers is second to none.","Oh, hello there!","Ahh, yes! Indeed. I will prepare it with fava beans and a nice chianti.","Ah, but if I tell you our plans, then everyone will know. I'm afraid they are secret plans, for now.",https://fallout.fandom.com/wiki/Wong_Yi_Tze,fcdrwong.png,Yes,,
Matthew,fcfmatt,mat,,San Francisco,THAT,Talking Heads,Completed,<unknown>,,,,,https://fallout.fandom.com/wiki/Matthew_(Fallout_2),fcfmatt.png,Yes,,
Vikki Goldman & Juan Cruz,fcjuavki,vaj,vaj,San Francisco,VOCK,Talking Heads,Auditioning,,"Popular pornstars in New Reno, Vikki and Juan are an eerily wholesome couple whose goal is to sway potential recruits into Hubology using their looks and status as celebrities.","Him: Hi! I'm Juan Cruz! Her: And I'm Vikki Goldman! Both: We're celebrities! And we endorse Hubology! Both: Please note that any similarities between us and people or institutions, living or dead, is entirely coincidental.","Her: That wasn't so bad, was it? Him: Now just go talk to AHS-7 and we'll be comrades in Hubology! Her: I'm so excited!","Her: Oh, yes, you should definitely make your own choices. Him: And with the Hub's latest book, you can learn how to make the RIGHT choice!",https://fallout.fandom.com/wiki/Juan_Cruz,fcjuavki.png,Yes,,
Ken Lee,fckenlee,kensf,,San Francisco,THAT,Talking Heads,Completed,<unknown>,,,,,https://fallout.fandom.com/wiki/Ken_Lee,fckenlee.png,Yes,,
Lao Chou,fclaocho,lao,,San Francisco,THAT,Talking Heads,Completed,<unknown>,,,,,https://fallout.fandom.com/wiki/Lao_Chou,fclaocho.png,Yes,,
Lo Pan,fclopan,lopan,lopan,San Francisco,VOCK,Talking Heads,Auditioning,,"Dragon’s (a San Fran martial arts master) eternal rival, Lo Pan is the ying to his yang. While the latter preaches about honour and justice, Lo Pan has no quarrels about committing crimes to get results. He seeks to finally end his rivalry with Dragon.",Him? The Dragon. He's a weakling who fosters weakness.,Teach you? I don't think so. You look far too self-righteous. Get out of here.,"I may be a scumbag, but never will it be said I don't stand up for my people. I'm going to hurt you before you die.",https://fallout.fandom.com/wiki/Imbot,fclopan.png,Yes,,
AHS-7,fcoz7,ahs7,ahs7,San Francisco,VOCK,Talking Heads,Auditioning,,"AHS-9’s second in command, AHS-7 is a devoted follower of the cult. He greets newcomers and indoctrinates them in the Hubologists' ways.","Ah, poor child. Would you like to be aligned?",Do not wait too long before returning with a reply. Your neurodynes will be filled with more and more pollution until we can begin the cleansing process.,Torch us? TORCH US? GUARDS! KILL THE UNBELIEVER!,https://fallout.fandom.com/wiki/AHS-7,fcoz7.png,Yes,,
AHS-9,fcoz9,ahs9h,,San Francisco,THAT,Talking Heads,Completed,BenjangoVA,,,,,https://fallout.fandom.com/wiki/AHS-9,fcoz9.png,Yes,,
Ron Meyers,fcronmey,cap,,San Francisco,THAT,Talking Heads,Completed,<unknown>,,,,,https://fallout.fandom.com/wiki/A._Ron_Meyers,fcronmey.png,Yes,,
Suze,fcsuze,suze,suze,San Francisco,VOCK,Talking Heads,Auditioning,,Suze is Badger’s timid girlfriend and a begrudging member of the Tanker Vagrants.,Aieee! Help me!,"Oh, you poor dear. Radiation and the wasteland aren't nice, are they? I hope someone can help you.","I used to be a nanny, but then the kids mutated into monsters.",https://fallout.fandom.com/wiki/Suze,fcsuze.png,Yes,,
Brain (Mole Rat),gcbrain,brain,,Gecko,THAT,Talking Heads,Completed,Aaren Kelley,,,,,https://fallout.fandom.com/wiki/Brain_(mole_rat),gcbrain.png,Yes,,
Festus,gcfestus,fest,,Gecko,THAT,Talking Heads,Completed,<unknown>,,,,,https://fallout.fandom.com/wiki/Festus_(Fallout_2),gcfestus.png,Yes,,
Gordon,gcgordon,gord,,Gecko,THAT,Talking Heads,Completed,Jerkytown,,,,,https://fallout.fandom.com/wiki/Gordon_(Gecko),gcgordon.png,Yes,,
Hank,gchank,hank,hank,Gecko,VOCK,Talking Heads,Completed,PaleFreak,"Hank is a glowing one with a concerned look on his face. In charge of maintaining the reactor and ensuring it works properly, Hank is approachable and courteous for a wastelander. He is quite talented in technical matters, but leaves major repairs and part swaps to the resident tech wizard, Festus.","Heh, heh. I wouldn’t advise that, smoothy. You’d fry into a crisp. Me, I like the warmth, but I wouldn’t recommend it for you. Quite a bit of heat and radiation in there. That’s why the smoothies that built this place included a maintenance bot.",,,https://fallout.fandom.com/wiki/Hank_(Fallout_2),gchank.png,Yes,,
Harold,gcharold,hrld2,,Gecko,FO2,Fallout 2,Completed,Charlie Adler,,,,,https://fallout.fandom.com/wiki/Harold,gcharold.png,Yes,,
Lenny,gclenny,lenny,lenny,Gecko,VOCK,Talking Heads,Auditioning,,"The shy but kind doctor of Gecko, Lenny is a ghoul hoping to join the Chosen One in his adventures. Where he lacks in combat skills he makes up with his big heart.","Hello there, my name’s Lenny. H’how can I h’help you?",Y’you c’could say that. I’d trade in all those years to b’be a n’normal person again.,You d’didn’t have enough m’money... b’but I helped y’you out anyway. J’jist c’cant stand to see p’people in p’pain.,https://fallout.fandom.com/wiki/Lenny_(Gecko),gclenny.png,Yes,Yes,
Skeeter,gcskeetr,skeet,skeet,Gecko,VOCK,Talking Heads,Completed,Joshua Luther,"Skeeter is an inventor and resident mechanic of Gecko, a small town and haven for Ghouls (heavily mutated humans). He’s very smart but quite scatterbrained and tends to cause fires around town while testing his many “inventions”.","Most amateur mechanics jist assume that it’s the battery itself. But you know what ass-uming things does, dontcha?",Mostly I jist sorta tinker with things. Take ‘em apart an try to put ‘em all back t’gether… mostly. Make ‘em work better… sometimes.,"Thanks for fixin’ up our atomic reactor. It shore needed some work. I woulda show’d ‘em how, but they don’t trust me in there any more.",https://fallout.fandom.com/wiki/Skeeter,gcskeetr.png,Yes,,
Wooz,gcwooz,wooz,,Gecko,THAT,Talking Heads,Completed,<unknown>,,,,,https://fallout.fandom.com/wiki/Wooz,gcwooz.png,Yes,,
Zomak The Destroyer,gczomak,zomak,zomak,Gecko,VOCK,Talking Heads,Completed,Lewis Saunders,"Zomak is a large and intimidating ghoul, he protects the leader of his cult (The Brain) with his life.","Renew, comrade! What are you doing here? State your business to Zomak the Destroyer.","Yes, the sacred talisman of Renewal. Renew, comrade! Renew!",Get out of here. The Brain doesn't have time for the likes of you.,https://fallout.fandom.com/wiki/Zomak,gczomak.png,Yes,,
Chad,hcchad,"cha2
chad",chad,Broken Hills,VOCK,Talking Heads,Completed,Sn8kezz,"Broken Hill’s Caravan Master, Chad is a lean but tough wastelander who’s led many convoy runs across California. He tends to smile insincerely as if he’s hiding something.","Howdy, friend! What can I do for you?","Probably a hell of a lot more exciting than what you do with your life, jerkoff.",What the hell are you doin’ here?,https://fallout.fandom.com/wiki/Chad_(Fallout_2),hcchad.png,Yes,,
Dan,hcdan,danbh,danbh,Broken Hills,VOCK,Talking Heads,Auditioning,,"He is an inhabitant of Broken Hills. He also had a wife who hated mutants and ghouls. However, she got lost and he is looking for her.",Who are you? What are you doing in my house?,"The reason I ask, you see, is because my wife is missing. I don't know where she is. She's been gone for days. I've asked around town, and no one has seen her. Can you find her for me?",You don't mean to say that my life is in danger too? Oh dear. You may be right. I've been hearing noises outside the house at night. Whispers and shuffles.,https://fallout.fandom.com/wiki/Dan_(Fallout_2),hcdan.png,Yes,,
Doc Holliday,hcdoc,hol,hol,Broken Hills,VOCK,Talking Heads,Auditioning,,"Witty but sickly, Doc Holliday is the resident physician of Broken Hills. He always enjoys chatting with his patients, especially about the “good ol’ times”.",::wheeze:: Hi there. I'm Doc Holliday. How can I help you?,"That looks like it must have hurt. Going to hurt your wallet, too...","What do I do here? You're in a hospital. I'm wearing a doctor's coat. I'm covered with blood. There are sharp, pointy things lying all around. Either I'm a successful killer or a fair doctor. Take your pick.",https://fallout.fandom.com/wiki/Holliday,hcdoc.png,Yes,,
Eric,hceric,eric,eric,Broken Hills,VOCK,Talking Heads,Completed,KALLEKANNIBAL,"Eric is a greasy, sweating man. For some odd reason, his body exudes fly nutrients, causing flies to swarm around him whenever he sweats.",Sorry. I'm just a little on edge. All these damn flies and no air conditioning. If I just had a little more power I'd be able to shake 'em... but I don't.,,,https://fallout.fandom.com/wiki/Eric_(Broken_Hills),hceric.png,Yes,,
Francis,hcfranci,franc,franc,Broken Hills,VOCK,Talking Heads,Completed,David Pastore-Theriaque,"Francis is an old and bored Supermutant in the town of Broken Hills, a community where humans, ghouls and mutants live in harmony. He usually spends his days challenging unsuspecting strangers into arm wrestling matches. There may be a darker side to him.","You think you can take me, eh? All right. You win, you get this power fist. I win, and you're my gimp for a night.",I've heard about you. I don't associate with scum.,"Too bad we didn't crush your village when we controlled the wasteland. Get out of my sight, worm.",https://fallout.fandom.com/wiki/Francis_(Fallout_2),hcfranci.png,Yes,,
Jacob,hcjacob,jacob,,Broken Hills,THAT,Talking Heads,Completed,Martin L.,,,,,https://fallout.fandom.com/wiki/Jacob_the_Chemist,hcjacob.png,Yes,,
Marcus,hcmarcus,mrcus,,Broken Hills,FO2,Fallout 2,Completed,Michael Dorn,,,,,https://fallout.fandom.com/wiki/Marcus,hcmarcus.png,Yes,Yes,
Seymour,hcseymor,plant,plant,Broken Hills,VOCK,Talking Heads,Auditioning,,"Inside one of Broken Hills cornfields, The Chosen One can find Seymour the intelligent talking spore plant. He’s a lot more eloquent than he looks.","Hi! Nice weather we've been having, huh?","Very astute, friend, very astute. I can see you didn't germinate yesterday!","If you should happen to change your mind, you know where to find me. I've put down roots here. Ha ha ha! Just a little plant humor for you.",https://fallout.fandom.com/wiki/Seymour_(Fallout_2),hcseymor.png,Yes,,
Steve,hcsteve,steve,,Broken Hills,THAT,Talking Heads,Completed,<unknown>,,,,,https://fallout.fandom.com/wiki/Steve_(Broken_Hills),hcsteve.png,Yes,,
Typhon,hctyphon,typhn,,Broken Hills,THAT,Talking Heads,Completed,<unknown>,,,,,https://fallout.fandom.com/wiki/Typhon,hctyphon.png,Yes,,
Zaius,hczaius,zaius,zaius,Broken Hills,VOCK,Talking Heads,Work In Progress,sedatednerves,"Zaius is an old and tough supermutant in charge of the Broken Hills uranium mine. A no-nonsense individual, he prefers getting straight to the point.","Right. Well, I'm Zaius. Now that we're introduced You any good with your hands?",That's me. Smart guy. What's your problem?,"Well, I'm sorry, Mr. High and Mighty, but I think that the town's survival might be a little more important. Hurry it up, will you?",https://fallout.fandom.com/wiki/Zaius,hczaius.png,Yes,,
Aldo,kcaldo,aldo,aldo,Klamath,VOCK,Talking Heads,Auditioning,,"Aldo is a sickly man who wears very dirty robes. He is the Klamath's town greeter. He certainly knows lots about the town, but he will only tell the Chosen One about it once given some money. According to Aldo's dialogue, he is often drunk and uses the money he rakes in from greetings to buy more alcohol 'for his throat.'","Hello there, I haven’t seen you in Klamath before. I’m Aldo, the town greeter. (hic) It’s my job to greet anyone new in town and to answer any questions they might have about our bucolic little burg. Welcome to Klamath. (hic) Who might you be?","Thanks for the money, friend. (urp) I’m going to use it to get some (hic) medicine for my dry throat. Consider yourself officially (hic) greeted to the town of Klamath. Do you have any questions about our fair (urp) metropolis?","Here in Klamath some people farm, some raise brahmin, but trapping geckos is what most of the people do.",https://fallout.fandom.com/wiki/Aldo,kcaldo.png,Yes,,
Ardin Buckner,kcardin,ardin,ardin,Klamath,VOCK,Talking Heads,Auditioning,,"A popular figure in Klamath, Ardin is the tired but fit owner of the town’s local store and motel. She’s usually friendly and outgoing but recent events have taken a toll on her.",You better not be planning any mischief here. What do you want?,I shouldn’t have let him go. He’s two weeks later getting back than he said he’d be and I’m worried.,"Thank you for promising to look for my boy. I sure hope you can find him. I’m so worried about him. Hurry, please.",https://fallout.fandom.com/wiki/Ardin_Buckner,kcardin.png,Yes,,
"Chuck Dunton
Buck Dunton",kcdunton,buck,buck,Klamath,VOCK,Talking Heads,Cast,Richard Manzano - Sp3lunky,"Tall and heavily muscled, Chuck is identical to his brother Buck, to the point of using exactly the same phrases and mannerisms. They are Klamath’s resident bullies who spend their days causing trouble and drinking in the local pub.","You just better push off, or my brother and I are going to pound your little head into jam.",You worthless sack of gecko shit! Just what the hell are doing in our sight again?,"OK - here's the $50 and a little something extra for you, as well. A few sticks of Dunton's Drymeat.",https://fallout.fandom.com/wiki/Buck_Dunton,kcdunton.png,Yes,,
Jenny,kcjenny,jenny,jenny,Klamath,VOCK,Talking Heads,Completed,Kiti Celine,Jenny is the sultry but tired bathhouse worker in Klamath. Despite her busy schedule she always has time for a chat.,"Gee, mister, that was pretty quick. You must be pretty new at this sort of thing.","He always had extra money to blow, at least when he worked he did. See, he specialised in really old stuff. You know, technical thingies",The Den is a hive of scum and villainy southeast of here. I guess about a week or so?,https://fallout.fandom.com/wiki/Jenny_(Fallout_2),kcjenny.png,Yes,,
Maida Buckner,kcmaida,maida,maida,Klamath,VOCK,Talking Heads,Auditioning,,"Maida is the young and brash daughter of Ardin Buckner, she’s cold and condescending, always ready to chastise someone she doesn't deem hard working.","Tribals, humph! (mutter, mutter) ...shiftless, worthless, lazy…","Questions, huh? Well get on with it, then. Talking to you doesn’t get my work any closer to being finished.",The only way I know to create a Garden of Eden is through plain old hard work.,https://fallout.fandom.com/wiki/Maida_Buckner,kcmaida.png,Yes,,
Sajag,kcsajag,sajag,sajag,Klamath,VOCK,Talking Heads,Auditioning,,"A short swarthy man with a perpetual smile on his face, Sajag is a rather shifty character with contacts in the Den, which enable him to offer a greater range of goods than any other seller in the town. He is also highly persuasive, which, combined with his preference for deception, is well exploited to further develop his business.","Hello there, stranger. Welcome to the Golden Gecko Tavern, Hotel, and Trading Post. I’m Sajag; I run the place. What can I get for you?","You’re our kind of people. You came to the right tavern to spend your money. What can I do for you, pal?","Well, Bob’s getting in the way of certain business partners. I don’t mind the competition. (grins) But they sure do. I’ll pay $50 to a smart cookie that can tell me where the still is. No other action required. (smiles)",https://fallout.fandom.com/wiki/Sajag,kcsajag.png,Yes,,
Sally Dunton,kcsally,sally,sally,Klamath,VOCK,Talking Heads,Auditioning,,"“Big Nose” Sally Dunton runs Klamath’s bath house (and brothel), she's a shrewd woman who always puts business first.","My name's Sally Dunton, but mostly they call me Big Nose Sally. I'm the owner of this here bathhouse. We have a whole hassleful of special, attended baths for you to pick from.","Well, that's a right nice try for an idjit. But I ain't having none of your kind in here. Now, git out. Shoo, shoo.","You could use a bit of real scrubbing; don't you tribals know about soap? Oh well, that'll cost you $70.",https://fallout.fandom.com/wiki/Sally_Dunton,kcsally.png,Yes,,
Slim Picket,kcslim,slim,,Klamath,THAT,Talking Heads,Completed,<unknown>,,,,,https://fallout.fandom.com/wiki/Slim_Picket,kcslim.png,Yes,,
Smiley,kcsmiley,"smiley
smilw",,Klamath,THAT,Talking Heads,Completed,<unknown>,,,,,https://fallout.fandom.com/wiki/Smiley_(Fallout_2),kcsmiley.png,Yes,,
Sulik,kcsulik,sulik,,Klamath,FO2,Fallout 2,Completed,Greg Eagles,,,,,https://fallout.fandom.com/wiki/Sulik,kcsulik.png,Yes,Yes,
Torr Buckner,kctorr,torr,torr,Klamath,VOCK,Talking Heads,Completed,David Pastore-Theriaque,"Torr is Ardin’s son and Klamath’s very own village idiot. He’s an imposing man albeit quite “slow”, he has a kind heart and he’ll do anything to protect his “moo-moos”. If the Chosen One shares a similar intellect, their conversations will be quite “different”.",Bugmen take moo-moos at night. Torr scared! Help Torr?,"Torr thank. Bugmen bad, no let bugmen eat moo-moos!",Torr good. No hurt Torr…,https://fallout.fandom.com/wiki/Torr_Buckner,kctorr.png,Yes,,
Balthas,mcbaltha,bal,,Modoc,THAT,Talking Heads,Completed,gnetlemant-rex,,,,,https://fallout.fandom.com/wiki/Balthas,mcbaltha.png,Yes,,
Cornelius,mccornel,corn,corn,Modoc,VOCK,Talking Heads,Auditioning,,"Cornelius is Rose’s wife and co-owner of Modoc’s Bed and Breakfast. He seems to have a form of senile dementia, and it is hard to obtain any information from him as ""certain phrases seem to set him off"".","Welcome to Rose's Bed and Breakfast. My name is Rose -- I mean, Cornelius -- and I run this bed and breakfast.","A while back, I forget when... my best friend of 30… or was it 40 years? Oh, it doesn’t matter, what matters is that he stole my precious gold pocket watch.","Pog? Whatever happened to that game, anyway? Well, I have to go. Maybe we can play later.",https://fallout.fandom.com/wiki/Cornelius,mccornel.png,Yes,,
Davin,mcdavin,davin,davin,Modoc,VOCK,Talking Heads,Auditioning,,"Handsome but dumb, Davin is the outgoing brother of Miria. He also may turn out to be a companion/burden to the Chosen One.",It's a lie. I only go out to the barn at night to a... make sure everything is locked up.,"Wow, I never thought such a beautiful woman would try to seduce me. What! You're not a woman!",Dad runs the slaughterhouse. He's OK as far as fathers go.,https://fallout.fandom.com/wiki/Davin,mcdavin.png,Yes,Yes,
Farrel,mcfarrel,far,far,Modoc,VOCK,Talking Heads,Auditioning,,"Farrel is Cornelius's best friend for 30 or 40 years, he is easily irritable and won’t think twice about defending his property.",Now what!?,Thank you! You are truly a hero amongst heroes. Not many people would risk their lives for a total stranger.,"HA! If you think I'm so guilty, why don't you just shoot me and get it over with. You little punk, come and get me!",https://fallout.fandom.com/wiki/Farrel,mcfarrel.png,Yes,,
Grisham,mcgrisha,grish,grish,Modoc,VOCK,Talking Heads,Auditioning,,"Being the owner of Modoc's slaughterhouse, Grisham is still very active at his age. He’s father to Davin and Miria, two potential companions (and burdens) to The Chosen One.",The name's Grisham. Welcome to my slaughterhouse. You dropping off or picking up?,Smart as whip! You remind me of myself when I was young.,"Why, that's a fine looking animal you have there. Should make some fine jerky.",https://fallout.fandom.com/wiki/Grisham,mcgrisha.png,Yes,,
Jo,mcjo,jomod,jomod,Modoc,VOCK,Talking Heads,Auditioning,,"The de facto leader of the farming village of Modoc, Jo aims to lead his people through a devastating drought that recently struck his town. He intends to do so by any means necessary, including tricking unsuspecting travellers to do his bidding.","Oh, you must be new around here. Welcome to Modoc. My name's Jo, I run the trading post here at Modoc.","A rain dance? [He chuckles softly] No, no... of course not. I wouldn't ask you to do something as impossible as that. You really can't make it rain, can you... No, of course you can't!","Those monsters, they're stealing our children. We won't be safe until they're all dead.",https://fallout.fandom.com/wiki/Jo_(Fallout_2),mcjo.png,Yes,,
Jonny,mcjonny,jonny,,Modoc,THAT,Talking Heads,Completed,Mousepelt,,,,,https://fallout.fandom.com/wiki/Jonny,mcjonny.png,Yes,,
Laddie,mcladdie,lad,lad,Modoc,VOCK,Talking Heads,Auditioning,,"A smart and astute animal, Laddie is Balthas and Jonny’s dog.",Grrr..,Woof Woof!,*Pant* *pant*!,https://fallout.fandom.com/wiki/Laddie,mcladdie.png,Yes,Yes,
Miria,mcmiria,miria,,Modoc,THAT,Talking Heads,Completed,Ueichi,,,,,https://fallout.fandom.com/wiki/Miria,mcmiria.png,Yes,Yes,RPCE
Rose,mcrose,rose,rose,Modoc,VOCK,Talking Heads,Auditioning,,"Rose is the talented cook of Modoc’s Bed and Breakfast, there may be a secret behind her giant omelettes.","Welcome to Rose's Bed and Breakfast. My, aren't you the strapping young man. What can Rose help you with today?","When was the last time you had a good meal, young lady?","Oh, it's no secret. You just dip them in batter, add some salt and fry in grease.",https://fallout.fandom.com/wiki/Rose_(Fallout_2),mcrose.png,Yes,,
Vegeir,mcvegeir,veger,veger,Modoc,VOCK,Talking Heads,Completed,Joshua Luther,"Vegeir is the stoic leader of The Slags, a tribe of undergrounders and mutants who avoid the sun. He may be more reasonable than his appearance otherwise suggests.","A visitor - how convenient. I've been contemplating on a way to make contact with the surfacers, but now I don't have to worry about that -- thanks to your timely arrival.",You will go IF and WHEN I decide you can go. Not before.,Please enlighten us with your wisdom.,https://fallout.fandom.com/wiki/Vegeir,mcvegeir.png,Yes,,
Angela Bishop,ncangbis,abshp,,New Reno,THAT,Talking Heads,Completed,coolartist1110,,,,,https://fallout.fandom.com/wiki/Angela_Bishop,ncangbis.png,Yes,Yes,RPCE
Big Jesus Mordino,ncbigjes,bgjes,bgjes,New Reno,VOCK,Talking Heads,Cast,Enrico Leone,"Big, sweaty and intimidating, Big Jesus is the owner of the “Desperado” casino and Boss of the Mordino crime family in the city of New Reno, a den of vices, gambling and drugs. He controls the production and distribution of Jet. He likes being called “Mr. Mordino”.",I… am Jesus Mordino. You…will address me as SENOR Mordino. (A bead of sweat trickles down his forehead.) What… is your business with me?,You have come to… my casino. My home. You have shown me… no respect. You will LEARN.,"Very well. I… have work for you. Take… (Takes a deep wheezing breath, wipes sweat from his forehead.) …this package... to the *stables* north of Reno.",https://fallout.fandom.com/wiki/Big_Jesus_Mordino,ncbigjes.png,Yes,,
John Bishop,ncbishop,bishp,bishp,New Reno,VOCK,Talking Heads,Auditioning,,"Head of one of the most powerful crime families in New Reno, Mr. Bishop is a brutal but cunning man. He hopes to bring the “organised” back into “organised crime”, no small feat in a post apocalyptic world. Of the 4 bosses in New Reno he, by far, is the most brutal.",You got some balls coming in here.,"Ol' Tomcat says you're a team player. I need people like that. I got a job for you, if you're interested.","If you mess this up or if ANYONE hears about this deal,  and I'm gonna put a knife wound on your body for every chip you asked for.",https://fallout.fandom.com/wiki/John_Bishop,ncbishop.png,Yes,,
Christopher Wright,ncchrwri,cw,cw,New Reno,VOCK,Talking Heads,Completed,Halyze,"One of Orville’s many sons, Christopher runs the Wright's still operation in New Reno. He tends to have a short temper and go off whenever somebody crosses his family or says bad stuff about it.",You ain't heard of Family *Wright?* You musta been out in the desert too long. Family Wright is the biggest crime family in Reno. We're gonna rule this city.,"Well, now. (He spits on your feet.) Why don't you make yourself useful and lick that up, you piece of dogshit?",How do you go to the bathroom with that thing on?,https://fallout.fandom.com/wiki/Christopher_Wright,ncchrwri.png,Yes,Yes,RPCE
Eldridge,nceldrid,eld,eld,New Reno,VOCK,Talking Heads,Auditioning,,Eldridge is a heavily armed man covered with grease. He is the resident gun-nut of New Reno. He has a massive weapon collection on the walls he's extremely fond of and continuously seeks out ways to expand it. He has incredible knowledge of pre-war weaponry and will upgrade (for a price) The Chosen One’s arsenal.,"Welcome, traveler… Eldridge's the name. You in the market for some iron to fill that holster of yours?",Shooooo-eeee. ::Rubs eyes:: That Power Armor?!,"Oh...we got us a discrimnatin' customer, eh? Well, at times, some prize pieces do make their way through town...take this, for example. (Holds up something...odd.) Genuine pre-war tech. Innit something?",https://fallout.fandom.com/wiki/Eldridge,nceldrid.png,Yes,,
Ethyl Wright,ncethwri,ew,ew,New Reno,VOCK,Talking Heads,Auditioning,,"A pleasantly plump woman with rose cheeks, Ethyl is the matriarch of the Wrights and lives in a world almost entirely of her own making. She’s somehow completely oblivious of her family’s criminal activities.","Oh, you poor dear…don't you have a home?","New Reno is a beautiful city, but there is SIN here - much of which can be traced back to the evils of alcohol…or as you tribesmen call it… (Pauses dramatically.) …FIREWATER!",Why...my goodness! Of all the cheek!,https://fallout.fandom.com/wiki/Ethyl_Wright,ncethwri.png,Yes,,
Father Tully,ncftully,tully,,New Reno,THAT,Talking Heads,Completed,<unknown>,,,,,https://fallout.fandom.com/wiki/Tully,ncftully.png,Yes,,
Jagged Jimmy J,ncjimmyj,jimmy,jimmy,New Reno,VOCK,Talking Heads,Auditioning,,"One of New Reno’s many chem dealers, Jimmy is a shifty-looking man with a jagged scar running down the side of his face as a result of trying to shave while high on Jet, although he prefers to say that he received the scar in a courageous act of chivalry.","Brother, I had my eye on you since you walked down the street. You know what I see? I see a pilot. I see someone who wants to FLY. You just need a little help, a little' JET.","Jagged Jimmy J's got a lot of love, my pilot friend, but the world don't always love Jagged Jimmy J back, see?",There goes one bad muthuh…and Jimmy J knows a bad muthuh when he sees one.,https://fallout.fandom.com/wiki/Jagged_Jimmy_J,ncjimmyj.png,Yes,,
Jules,ncjules,jules,jules,New Reno,VOCK,Talking Heads,Auditioning,,"Flamboyant and rapacious, Jules is a chem dealer and the self imposed “greeter” of New Reno. A good source of information although not very trustworthy, but in New Reno who is?","If you ain't talked to Jules, you don't know HALF of what New Reno gots to offer.",Hallelujah! I always KNEW you would be the hero! I KNEW it!,"Well, now, ANOTHER thing you gotta know about New Reno is nothin's free.",https://fallout.fandom.com/wiki/Jules_(Fallout_2),ncjules.png,Yes,,
Keith Wright,nckeiwri,keith,keith,New Reno,VOCK,Talking Heads,Completed,dar_duck,"Thin and blond-haired, Keith Wright is a wary man who takes his job seriously. He clears visitors to his father and ensures that the Wright Estate remains secured.","I don't know you, my Dad don't know you, and if you don't start explainin', it ain't gonna matter.","You ken go in, but watch out. Dad's in a pissy mood.","Get outta here, dimbulb. Next time you talk to me, I'll plug you fulla holes.",https://fallout.fandom.com/wiki/Keith_Wright,nckeiwri.png,Yes,,
Miss Kitty,nckitty,kitty,,New Reno,THAT,Talking Heads,Completed,Katie,,,,,https://fallout.fandom.com/wiki/Miss_Kitty,nckitty.png,Yes,,
Leslie Anne Bishop,nclabish,lbshp,lbshp,New Reno,VOCK,Talking Heads,Auditioning,,"Mr. Bishop’s disinterested wife, she’s a sophisticated woman victim of New Reno’s decadent lifestyle. She seems to have lost her lust for life and is in a constant search of satisfaction.","You're not terribly bright… However, you do have a certain…charm. Come with me a moment.","A simple traveller. How remarkably open and trusting of you. And what, pray tell, do you think I can do for you, ""simple traveller?","I leave, and my husband will bring me back. The Family watches out for their own, whether they want to be watched or not.",https://fallout.fandom.com/wiki/Leslie_Anne_Bishop,nclabish.png,Yes,,
Lil' Jesus Mordino,ncliljes,ljmrd,,New Reno,THAT,Talking Heads,Completed,<unknown>,,,,,https://fallout.fandom.com/wiki/Lil%27_Jesus_Mordino,ncliljes.png,Yes,Yes,RPCE
Mason,ncmason,mason,,New Reno,THAT,Talking Heads,Completed,Krimson Graey,,,,,https://fallout.fandom.com/wiki/Mason_(Fallout_2),ncmason.png,Yes,Yes,RPCE
Darlin' Nikki,ncnikki,nikki,,New Reno,THAT,Talking Heads,Completed,<unknown>,,,,,https://fallout.fandom.com/wiki/Darlin'_Nikki,ncnikki.png,Yes,,
Orville Wright,ncorvill,write,write,New Reno,VOCK,Talking Heads,Auditioning,,"Head of the Wright crime family, his group has the distinction of being the only real “family” as it comprised of: he, his wife and multitude of sons and daughters. Orville is a passionate man and puts his family before anything, sometimes to his detriment.","Come into my house, will you…","Now look: You find that son of a bitch who killed my boy, don't you touch 'im…you just come back and TELL me the dead man's name. I'LL take care of it from there.",Marriage ain't a word. It's a life sentence.,https://fallout.fandom.com/wiki/Orville_Wright,ncorvill.png,Yes,,
Renesco,ncrenesc,rene,,New Reno,THAT,Talking Heads,Completed,Krimson Graey,,,,,https://fallout.fandom.com/wiki/Renesco,ncrenesc.png,Yes,,
Marjorie Reed,ncresear,marj,marj,Stables,VOCK,Talking Heads,Auditioning,,"A cold and calculative woman, Marjorie Reed is the Lead Researcher on chem production for the Mordino crime family. She has little to no empathy for human life as she sees everyone as a potential “test subject”.",Why did the slave in the control group kill herself? We weren't even testing her!,"Oh, I’m not THAT busy…heh…well, no, pretty busy. I mean, mostly its routine drug testing, and occasionally we have a slave go over the edge…",Was that some poor attempt at a joke?,https://fallout.fandom.com/wiki/Marjorie_Reed,ncresear.png,Yes,,
Louis Salvatore,ncsalvat,salva,,New Reno,THAT,Talking Heads,Completed,SoldierHobbes,,,,,https://fallout.fandom.com/wiki/Louis_Salvatore,ncsalvat.png,Yes,,
Stuart Little,ncstulit,stul,,New Reno,THAT,Talking Heads,Completed,<unknown>,,,,,https://fallout.fandom.com/wiki/Stuart_Little,ncstulit.png,Yes,,
T-Ray,nctray,tray,tray,New Reno,VOCK,Talking Heads,Auditioning,,"Confident and able-bodied, T-Ray is the vain owner of a New Reno automobile repair shop. Despite his cheerful demeanour, he is not somebody you’d want to mess with.","DAMN, woman. After I hit those skins, you go off and save the world. That's T-Ray's power for you.","Yo, hero. You be sure to tell everyone that T-Ray's your man, aiight?",Fast? The Highwayman goes from 0 to 60 in less than a second.,https://fallout.fandom.com/wiki/T-Ray,nctray.png,Yes,,
Myron,nhmyron,myron,,Stables,FO2,Fallout 2,Completed,Jason Marsden,,,,,https://fallout.fandom.com/wiki/Myron,nhmyron.png,Yes,Yes,
Ariel,ocariel,ariel,ariel,Vault 13,VOCK,Talking Heads,Auditioning,,"Short and slender, Ariel is a young mother residing in Vault 13. Her caravan was attacked by raiders who killed most of the crew, including her husband. She was rescued just in time by the intelligent deathclaws of Vault 13, who now protect her and her daughter.","Hello, I'm Ariel. I don't think I've seen you here before. Who are you?","Yes. They provide me with food, water, shelter, and protection. I feel very safe here, and that's more than I could ask for..","The raiders, they were incredibly brutal. They killed everyone: men, women, and children. Rand, my husband, died trying to defend Sandy and me.",https://fallout.fandom.com/wiki/Ariel,ocariel.png,Yes,,
Goris,ocgoris,goris,goris,Vault 13,VOCK,Talking Heads,Auditioning,,"Goris is a scholarly Albino Deathclaw, he and his tribe are a rare species who have equal intelligence to humans. He loves reading and trading stories.","Yes, I've had some adventures. Say, if you wouldn't mind answering some questions for me, I could tell you some of my adventures in return.","It seems this Enclave needed an army and they chose deathclaws because of their ferocity, physical prowess, and... well, you get the picture.","Uh huh. Well, your IQ may be smaller than your shoe size, but you obviously have something going for you to have survived in the world this long…",https://fallout.fandom.com/wiki/Goris,ocgoris.png,Yes,Yes,
Gruthar,ocgrutha,gruth,gruth,Vault 13,VOCK,Talking Heads,Auditioning,,"Strong and majestic, Gruthar is the leader of his pack of uniquely intelligent Deathclaws. Despite his frightening appearance he’s a pacifist and only wishes for his tribe to live in peace.","Do not fear me, human. I do not intend to harm you. I am Gruthar, leader of this deathclaw pack. Why have you come here?","You are no idiot, human. I can see the truth of this in your eyes.","It is not our way to kill. I understand that you may not believe me, but I hope that you will judge me by my actions toward you and not out of fear or prejudice.",https://fallout.fandom.com/wiki/Gruthar,ocgrutha.png,Yes,,
Joseph,ocjoseph,josep,josep,Vault 13,VOCK,Talking Heads,Auditioning,,"Joseph is a herbalist who serves as the doctor for the residents of Vault 13, namely the deathclaws which inhabit it. From his time among them, he has become very knowledgeable about their species.","Hello, I'm Joseph the herbalist. What can I help you with?","Why, certainly. Hmmm. You'll need to take some of this. I'll apply this balm to the wound. Now just lie back and rest for a couple of hours.","No, I'm not a prisoner. I stay because I'm needed here.",https://fallout.fandom.com/wiki/Joseph_(Fallout_2),ocjoseph.png,Yes,,
Vice President Bird,qcbird,bird,bird,Enclave Oil Rig,VOCK,Talking Heads,Auditioning,,Daniel Bird is the Vice President of the Enclave but an experiment gone wrong took a toll on his mental faculties leaving him in a permanent state of mumbling to himself and talking in circles.,"Hmm, tell me, how do you spell potato? With an 'E,' or without?","Carry on, trooper. The future will be better tomorrow.","That's not true, Republicans understand the importance of bondage between a mother and child. That's the key to the solution of all our problems-we need a return to family values.",https://fallout.fandom.com/wiki/Daniel_Bird,qcbird.png,Yes,,
Charles Curling,qccurlng,curl,curl,Enclave Oil Rig,VOCK,Talking Heads,Auditioning,,"Lieutenant Colonel Doctor Charles Curling is the head of the United States Chemical Corps stationed on the Enclave Oil Rig base. He’s the lead researcher on the Enclave’s project to eradicate all mutant life, which includes regular wastelanders.",Interesting. I didn't realize that the toxin made them dumber.,"In order to make the United States safe for humanity, all of the mutants must first be exterminated.","Isn't it obvious, my mutated friend? The F.E.V. is, thanks to me, a lethal toxin.",https://fallout.fandom.com/wiki/Charles_Curling,qccurlng.png,Yes,,
Frank Horrigan,qcfrank,bosss,,Enclave Oil Rig,FO2,Fallout 2,Completed,Michael Dorn,,,,,https://fallout.fandom.com/wiki/Frank_Horrigan,qcfrank.png,Yes,,
Sergeant Granite,qcgranit,grani,grani,Enclave Oil Rig,VOCK,Talking Heads,Auditioning,,"Granite commands the Enclave Control Company, a specialized unit usually assigned to perimeter defense. Despite his loyalty to the Enclave, recent events may challenge his beliefs.",Lock and load. Let's go!,"Now, just what the hell are you doing here?","Gee, you've got me shaking in my boots. Shut up.",https://fallout.fandom.com/wiki/Granite,qcgranit.png,Yes,,
Dick Richardson,qhprzrch,presi,,Enclave Oil Rig,FO2,Fallout 2,Completed,Jeffrey Jones,,,,,https://fallout.fandom.com/wiki/Dick_Richardson,qhprzrch.png,Yes,,
Mayor Ascorti,rcascort,ascor,ascor,Redding,VOCK,Talking Heads,Auditioning,,"Characterised by his slicked back hair and friendly smile, Ascorti is the mayor of the mining settlement of Redding and owner of its decadent casino named after him. A greedy man who’ll do anything for a profit.","Everyone's an Ace here at Ascorti's! I'm Ascorti, proprietor and mayor of this fine town.","I can sell it to you for only $1,000. Special offer; just your luck to hit me on a generous day like this.","If you're here to try your luck, you're welcome.",https://fallout.fandom.com/wiki/Ascorti,rcascort.png,Yes,,
Painless Doc Johnson,rcdrjohn,docj,docj,Redding,VOCK,Talking Heads,Auditioning,,"Originally from Vault City, Doc Johnson is the nervous and slightly sadistic doctor of Redding.",You have a very well developed sagittal crest.,"Got yourself all scraped up, huh? Well, let Doc Johnson take a look at that. Easy now, I'm a professional.","Wouldn't let that go too long. Some wounds fester and start oozing puss. Then there's always gangrene. Course, lately, I haven't used my knives as much as I'd like. Getting a bit rusty. Tell you what: Go ahead and let it go as long as you want. Maybe I can get some practice later on.",https://fallout.fandom.com/wiki/Johnson_(Fallout_2),rcdrjohn.png,Yes,,
Fannie Mae,rcfannie,"fannc
fanni",fanni,Redding,VOCK,Talking Heads,Auditioning,,"Showing more wear from mileage than from years, Fannie Mae is a prostitute working at Lou’s “Malamute Saloon”. She has a crippling dependence to Jet (a deadly drug) and has no scruples tricking the dim-witted into fueling her addiction.",Fannie don't flop for no morons.,"Hey there, lover. I'm feeling a little under the weather lately. Want to give me some money for a quick boost?","Jet's the only thing that makes me fly. ./~Come fly with me ./~ Give me a little something special, won'tcha?",https://fallout.fandom.com/wiki/Fannie_Mae,rcfannie.png,Yes,,
Obidiah Hakeswill,rchakes,obad,,Redding,THAT,Talking Heads,Completed,Dylan_B_VO,,,,,https://fallout.fandom.com/wiki/Obidiah_Hakeswill,rchakes.png,Yes,,
Louise,rclou,lou,lou,Redding,VOCK,Talking Heads,Work In Progress,Billy Graves,"Usually referred to as “Lou”, she’s the hearty owner of the “Malamute Saloon”. A woman who has seen much in her years, it takes little to faze her.",Remember what I said. Too much money ain't good for that gal. Now whattya need?,"Well, I hear all kinds of things about the whole city bein' full o' nuthin' but crazy followers of some kind of kooky religion.","You're just an idjit, ain't ya?",https://fallout.fandom.com/wiki/Louise,rclou.png,Yes,,
Marge LeBarge,rcmarge,marge,marge,Redding,VOCK,Talking Heads,Auditioning,,"Burly and commanding, Marge LeBarge isn’t a woman you’d want to mess with. She’s the owner of Redding’s “Kokoweef Gold Mine”. She’s fairly amicable to anyone on her good side.",Looks like your belt doesn't go through all the loops.,"A Garden of Eden Creation Kit, huh? Sounds pretty impressive. If I had something like that you sure wouldn't find me grubbing around in the dirt to make ends meet, now would you?","It's got kind of a romantic sound to it, don't it? Ko-ko-weef. Yeah, I still like the way that sounds.",https://fallout.fandom.com/wiki/Marge_LeBarge,rcmarge.png,Yes,,
Earl Marion,rcmarion,marin,,Redding,THAT,Talking Heads,Completed,<unknown>,,,,,https://fallout.fandom.com/wiki/Earl_Marion,rcmarion.png,Yes,,
Dan McGrew,rcmcgrew,dan,,Redding,THAT,Talking Heads,Completed,<unknown>,,,,,https://fallout.fandom.com/wiki/Dan_McGrew,rcmcgrew.png,Yes,,
Ben Wade,rcwade,ben,,Vault City,THAT,Talking Heads,Completed,<unknown>,,,,,https://fallout.fandom.com/wiki/Ben_Wade,rcwade.png,Yes,,
Doctor Jubilee,scdocjub,jub,jub,NCR,VOCK,Talking Heads,Auditioning,,"Jubilee is an old, kindly looking fellow and a certified doctor working for the New California Republic. He’s a well respected doctor, despite the fact that he constantly suggests “amputating the leg” as a solution to any patients’ ailments.","I'm Doc Jubilee. What's wrong, young man?",I don't know. Don't think I can save it. We may have to cut that leg off.,Put that back! You could seriously hurt yourself with that stuff.,https://fallout.fandom.com/wiki/Jubilee,scdocjub.png,Yes,,
Ranger Chief Elise,scelise,elise,elise,NCR,VOCK,Talking Heads,Auditioning,,"Young but experienced, Elise is the leader of the NCR Rangers: a paramilitary group focused on eradicating the Slavers that plague the California Wasteland. A no-nonsense woman with a good sense of justice.",I'm Elise. That's Gond. We're members of a 'group' that's trying to do right for folks.,Not so fast. You need to pass a test before becoming a ranger.,Don't bullshit me. I can see what kind of person you are.,https://fallout.fandom.com/wiki/Elise,scelise.png,Yes,,
Enlightened One,scenlone,eo,eo,NCR,VOCK,Talking Heads,Auditioning,,The Enlightened One is the Hubology (a new wave religion) emissary in NCR. She tends to make people uneasy with her constant smile on her face. Her proselytising seems to have angered a few citizens.,"Greetings, child. Are you one of the Enlightened?","Ah, such enthusiasm. Come with me.","Honestly, how do they expect me to spread the word out here when they don't even keep me up-to-date on the latest doctrine!?",https://fallout.fandom.com/wiki/Enlightened_One,scenlone.png,Yes,,
Doctor Henry,schenry,henry,,NCR,THAT,Talking Heads,Completed,matthewmeadows4,,,,,https://fallout.fandom.com/wiki/Henry,schenry.png,Yes,,
Merk,scmerk,merk,merk,NCR,VOCK,Talking Heads,Auditioning,,"Merk is the local crime boss of NCR, which is an achievement in itself due to the town being close to a police state. Only someone who is respected in the underground may earn a meeting with him.",Go fetch me another whiskey - quick now.,Will somebody get this brahmin turd out of here?,I’ve got a job for you…,https://fallout.fandom.com/wiki/Merk,scmerk.png,Yes,,
Mira,scmira,skeri,,NCR,THAT,Talking Heads,Completed,<unknown>,,,,,https://fallout.fandom.com/wiki/Mira,scmira.png,Yes,,
Robodog,scrobo,dogr,dogr,NCR,VOCK,Talking Heads,Auditioning,,"A poorly made half dog/half machine, Robodog is a simple minded but loyal companion to the Chosen One.",Arf! <click> Woof!,<sprzzzt> Meow...error.,"<whirrr> Not bird, nor plane, nor even frog, just lil' old me - Robodog!<click>",https://fallout.fandom.com/wiki/Robodog,scrobo.png,Yes,Yes,
Sheriff Dumont,scsherif,dum,dum,NCR,VOCK,Talking Heads,Auditioning,,"Grey haired and square jawed, Dumont is the sheriff and chief of the NCR Police Force. A stoic man who takes his job very seriously.","Take a word of advice from Sheriff Dumont, stranger - this town don't care for your kind. Any trouble and I come down hard. Now, is there anything I can do for you?",Recommend you? Hmmm....I couldn't. Don't even know you.,Just make sure things stay that way. Goodbye.,https://fallout.fandom.com/wiki/Dumont,scsherif.png,Yes,,
Vortis,scvortis,vort,vort,NCR,VOCK,Talking Heads,Cast,Enrico Leone,Vortis is an old and cunning Slaver who operates in the NCR Bazaar.,"This place is my place and I, Vortis, run an honest and legitimate business no matter what anybody in NCR tells you.","Oh, look - the goody two-shoes, lollipop kid. Boys, escort this hypocritical paragon of saintly virtue out of my sight!",Go in there and I'll blow your head off. Understand?,https://fallout.fandom.com/wiki/Vortis,scvortis.png,Yes,,
Roger Westin,scwestin,west,,NCR,THAT,Talking Heads,Completed,Dark Lore Dash,,,,,https://fallout.fandom.com/wiki/Roger_Westin,scwestin.png,Yes,,
Tandi,shtandi,tndi2,,NCR,FO2,Fallout 2,Completed,Tress MacNeille,,,,,https://fallout.fandom.com/wiki/Tandi,shtandi.png,Yes,,
Don,slvcc1,don,don,Slaver Camp,VOCK,Talking Heads,Auditioning,,"Don is a ruthless slaver, subordinate to Metzger and leader of the Slaver’s Camp south west of The Den.","Hey, what the fuck!? Who the hell are you?",Join us? This aint a fuckin recruiting center. If you want to join the slavers go to the Den and speak with Metzger.,"Yeah right. You're full of shit and you're wasting my time. For that, you die. [Signals to his men.] Let's waste this loser.",https://fallout.fandom.com/wiki/Don,slvcc1.png,Yes,,
Krom,tribec1,krom,krom,Umbra Tribe,VOCK,Talking Heads,Cast,Jeremy Lindsay,"Initially hailing from a different tribe, Krom was asked to become Umbra’s chief warrior due to his amazing prowess in battle and unmatched bravery.","I come from a tribe far to the north. When I was fifteen, we were attacked by savages. I awoke that day as a boy, but by the time the sun set on that grim scene, I had slayed my way to manhood.","What's life without battle and strife? It either breaks a man, or it forges him into steel. I wear my scars with pride.","You've got a fire in you, girl. I like that. Perhaps we could put that fire to good use while you're here. What do you say?",https://f2rp.bgforge.net/umbra-tribe/,tribec1.png,Yes,,
Chieftain,tribec12,chief,chief,Umbra Tribe,VOCK,Talking Heads,Auditioning,,"A man of few words, the chieftain of Umbra Tribe (Sulik’s clan) will do what is best for his people.","The Holy GECK... [He takes a long hit off his pipe.] There is a creature that we sometimes hunt -- sometimes, it hunts us. A gecko. No, I sense that's not what you seek.",The slavers are led by a man with a dark soul. Metzger. He dwells in one of the ruined husks of the Old One's cities. They call it the Den.,"You have done a great deed, child. I hear the cries of many wicked bonespirits lost out in the Great Salt Water.",https://f2rp.bgforge.net/umbra-tribe/,tribec12.png,Yes,,
Shaman,tribec4,sham,,Umbra Tribe,THAT,Talking Heads,Completed,wykton,,,,,https://f2rp.bgforge.net/umbra-tribe/,tribec4.png,Yes,,
Kurisu,tribec7,kur,kur,Umbra Tribe,VOCK,Talking Heads,Auditioning,,"A young member of the tribe, Kurisu is Sulik’s sister. She is currently captured by slavers. It’ll be up to The Chosen One to free her and reunite her with her brother.","Name's Kurisu, but now not the time for proper greetin'. Please, you needin' to get us out of cage and away from de wicked men.","Thanks again, fren. May the spirits bless you.",It be safe yet? You sent the slavers to the spirits?,https://f2rp.bgforge.net/umbra-tribe/,tribec7.png,Yes,,
Amanda,vcamanda,ama,ama,Vault City,VOCK,Talking Heads,Auditioning,,"Amanda is a tired-looking woman. Her husband, Joshua, was recently arrested for striking a Citizen during a bar brawl at the Spittoon. As a result, he was sentenced to servant work as rehabilitation. Amanda is looking at years of raising her son alone, possibly losing her meager tent in the Courtyard, as Joshua was the breadwinner of the family.","I...well, I...it's my husband Joshua. He...got into some trouble in...the bar. He accidentally struck a Citizen and was arrested. He didn't mean to, but he'd been drinking, and…",Please rescue Joshua. He's inside the City in the Servant Allocation Center.,Thank you again for rescuing my husband. We'll be moving on soon.,https://fallout.fandom.com/wiki/Amanda,vcamanda.png,Yes,,
Doctor Andrew,vcandy,andr,andr,Vault City,VOCK,Talking Heads,Auditioning,,"Andrew is more or less an average citizen left in charge of a malfunctioning Auto-Doc just outside of Vault City. He has received very little, if any, medical training, and will make that known in conversation.","Whoa...looks like you've seen some serious action, friend.",Uh-oh. Looks like the ol' Doctor took a pound of flesh this time.,"Pay you? Hell, no! I didn't ask you to fix it, so you don't get jack.",https://fallout.fandom.com/wiki/Andrew_(Fallout_2),vcandy.png,Yes,,
Barkus,vcbarkus,bark,,Vault City,THAT,Talking Heads,Completed,<unknown>,,,,,https://fallout.fandom.com/wiki/Barkus,vcbarkus.png,Yes,,
John Cassidy,vccasidy,casdy,,Vault City,RPU,RPU,Completed,"Joey Bracken
Adam Dravean",,,,,https://fallout.fandom.com/wiki/John_Cassidy,vccasidy.png,Yes,Yes,
Connar,vcconnar,cnr,cnr,Vault Village,VOCK,Talking Heads,Auditioning,,Connar is the leader of a farming village near Vault City. He hopes to protect his people from their tyranny.,Those creatures are the only thing that are stopping Vault City from making us their so-called servants.,You idiot! Why the hell did you do that!,"Stay where you are for now, wanderer. What are you doing here?",https://f2rp.bgforge.net/vault-village/,vcconnar.png,Yes,,
Doctor Troy,vcdrtroy,troy,,Vault City,THAT,Talking Heads,Completed,Dylan_B_VO,,,,,https://fallout.fandom.com/wiki/Troy_(Fallout_2),vcdrtroy.png,Yes,,
Lydia,vcdwnbar,lydia,lydia,Vault City,VOCK,Talking Heads,Completed,Juliet Blank,"Dressed in fatigues and metal armor, Lydia would fit right in with Vault City guardsmen, but she prefers running her bar and serving those who come to the city. Like most citizens she has some closed minded views although she is friendlier than most.","Please! Take a seat, rest for a while!","The brahmin milk's not on tap...well, not exactly. I'd have to go out and snag some really quick.","That is perhaps the most fascinating thing I've ever heard. Hold on a second...I want the guards to hear it, too.",https://fallout.fandom.com/wiki/Lydia_(Fallout_2),vcdwnbar.png,Yes,,
Gregory,vcgreg,greg,,Vault City,THAT,Talking Heads,Completed,<unknown>,,,,,https://fallout.fandom.com/wiki/Gregory_(Fallout_2),vcgreg.png,Yes,,
Happy Harry,vcharry,hhary,hhary,Vault City,VOCK,Talking Heads,Auditioning,,"A short and jovial man, Happy Harry runs a small store in Vault City’s courtyard. He seems to supply all kinds of things.","Well, hello there... what can I do for you?","Working with Dave, eh? Yeah, I know the fella. I see he's still got a knack for getting others to do his leg work--lazy bastard.","Not my problem. Look, my business struggles enough as it is. If anyone finds out I'm providing Connar with weapons, then things will turn real ugly, real fast.",https://fallout.fandom.com/wiki/Happy_Harry,vcharry.png,Yes,,
Joanne Lynette,vclynett,lynet,,Vault City,FO2,Fallout 2,Completed,Cree Summer,,,,,https://fallout.fandom.com/wiki/Joanne_Lynette,vclynett.png,Yes,,
Valerie,vcmainwk,vcval,,Vault City,THAT,Talking Heads,Completed,Krissey,,,,,https://fallout.fandom.com/wiki/Valerie,vcmainwk.png,Yes,,
McClure,vcmclure,mcclr,,Vault City,THAT,Talking Heads,Completed,Tom Demont,,,,,https://fallout.fandom.com/wiki/McClure,vcmclure.png,Yes,,
Thomas Moore,vcmoore,moore,moore,Vault City,VOCK,Talking Heads,Auditioning,,"A scruffy looking man (albeit wearing clean clothes), Thomas Moore can be found in the streets of Vault City loudly preaching for the abolition of slavery. In reality, Thomas Moore is an undercover NCR agent gathering intelligence on Vault City and smuggling its technology outside.","Hello and welcome, traveler! Have you heard the word today?",It is TIME to hear the wailing of our kin outside these walls and let them in! We have more than enough to feed and shelter our brothers... we need not be rich when so MANY are poor.,"I have a briefcase... with information vital to our cause. Will you deliver it to New Reno for me? I would do it, but the Citizens here are watching me...",https://fallout.fandom.com/wiki/Thomas_Moore,vcmoore.png,Yes,,
Phyllis,vcnancy,phl,phl,Vault City,VOCK,Talking Heads,Auditioning,,"Phyllis is the young assistant of Dr. Troy and, to no one’s surprise, another example of Vault City snobbery. She seems curious about life outside the city walls.",Oh! You must be one of the Servants assigned here for the day.,"Vault City? Well, actually, there's not much to say. I mean, I've been a Citizen all my life…","It's like they're all... clones. They all dress alike, act alike, and the worst part is that everybody seems happy with it.",https://fallout.fandom.com/wiki/Phyllis,vcnancy.png,Yes,,
Old Joe,vcoldjoe,ianoj,ianoj,Vault City,VOCK,Talking Heads,Completed,Lewis Saunders,"An ancient looking man with a wild gleam to his eyes, Old Joe is known as the local “crazy old man”. There may be more to him than it seems.","Don't remember me, do you? Well, you do seem to be a bit young.",Let an old man rest.,"Connar, huh? He's a good guy. I've been keeping my eye on things for him.",https://f2rp.bgforge.net/vault-village/,vcoldjoe.png,Yes,,
Stark,vcstark,stark,,Vault City,THAT,Talking Heads,Completed,Dylan_B_VO,,,,,https://fallout.fandom.com/wiki/Stark,vcstark.png,Yes,,
Wallace,vcwalace,wall,,Vault City,THAT,Talking Heads,Completed,<unknown>,,,,,https://fallout.fandom.com/wiki/Wallace_(Fallout_2),vcwalace.png,Yes,,
Ann,vilann,annvv,annvv,Vault Village,VOCK,Talking Heads,Completed,Jessica Baxter,"Ann is Connar’s young and laborious wife, she hopes to turn her village into a proper settlement.","Why hello there, I'm Connar's wife, Ann. You must be the one who helped us out. I can't tell you how much we appreciate all you've done.","Oh, it's you! Thank you for speaking with Mr. Baron.",We'll stifle as a community without proper trade.,https://f2rp.bgforge.net/vault-village/,vilann.png,Yes,,
Skynet,wcbrnbot,sky,,Sierra Army Depot,THAT,Talking Heads,Completed,<unknown>,,,,,https://fallout.fandom.com/wiki/Skynet,wcbrnbot.png,Yes,Yes,
Private Dobbs,wcdobbs,dobbs,dobbs,Sierra Army Depot,VOCK,Talking Heads,Auditioning,,"Dobbs is a soldier of the United States Army. Sometime before October 23, 2077, he was killed in battle and pronounced dead, and he claims to have learned this via an out-of-body experience. While he was out of the body he observed his body being taken to a laboratory and immersed in bio med gel. When defrosted he looks healthy, but seems quite disoriented.","I-I'm Dobbs, Private, First Class.","I was in a battle. Yes, a battle. There was gunfire and explosions everywhere. People dying. I was scared but I had to keep on fighting. Then there was this blinding flash.",The next thing I remember was seeing my body as if I was looking down at it from above. I heard the doctors say I was dead and then they threw my body onto a pile of other bodies.,https://fallout.fandom.com/wiki/Dobbs,wcdobbs.png,Yes,,
Brahmin Bess,mcbess,,,Modoc,,,,,,,,,https://fallout.fandom.com/wiki/Bess_(Fallout_2),,No,Yes,
Pariah dog,ecpdog,,,Special Encounter,,,,,,,,,https://fallout.fandom.com/wiki/Pariah_dog,,No,Yes,
Feargus,aceric,,,Arroyo,,,,,,,,,https://fallout.fandom.com/wiki/Feargus_(Arroyo),,No,,
Jordan,acjordan,,,Arroyo,,,,,,,,,https://fallout.fandom.com/wiki/Jordan,,No,,
Lucas,acfist,,,Arroyo,,,,,,,,,https://fallout.fandom.com/wiki/Lucas_(Fallout_2),,No,,
Nagor,acnagor,,,Arroyo,,,,,,,,,https://fallout.fandom.com/wiki/Nagor,,No,,
Smoke,,,,Arroyo,,,,,,,,,https://fallout.fandom.com/wiki/Smoke,,No,,
John L. Sullivan,hcsulvan,,,Klamath,,,,,,,,,https://fallout.fandom.com/wiki/John_L._Sullivan,,No,,
Keeng Ra'at,kcratgod,,,Klamath,,,,,,,,,https://fallout.fandom.com/wiki/Keeng_Ra%27at,,No,,
Whiskey Bob,kcbob,,,Klamath,,,,,,,,,https://fallout.fandom.com/wiki/Whiskey_Bob,,No,,
Fred,dcfred,,,The Den,,,,,,,,,https://fallout.fandom.com/wiki/Fred_(Fallout_2),,No,,
Leanne,dcstory1,,,The Den,,,,,,,,,https://fallout.fandom.com/wiki/Leanne,,No,,
Aidan,dcslvgrt,,,The Den,,,,,,,,,https://fallout.fandom.com/wiki/Aidan,,No,,
Billy,dcbilly,,,The Den,,,,,,,,,https://fallout.fandom.com/wiki/Billy_(Fallout_2),,No,,
Derek,dcderek,,,The Den,,,,,,,,,https://fallout.fandom.com/wiki/Derek_(Fallout_2),,No,,
Karl,mckarl,,,The Den,,,,,,,,,https://fallout.fandom.com/wiki/Karl_(Den),,No,,
Marc,dcmarc,,,The Den,,,,,,,,,https://fallout.fandom.com/wiki/Marc_(Den),,No,,
Stacy,dcstory2,,,The Den,,,,,,,,,https://fallout.fandom.com/wiki/Stacy_(Fallout_2),,No,,
Balthas' wife,mcbalwif,,,Modoc,,,,,,,,,https://fallout.fandom.com/wiki/Balthas%27_wife,,No,,
Bo,,,,Modoc,,,,,,,,,https://fallout.fandom.com/wiki/Bo_(Fallout_2),,No,,
Biff,,,,Modoc,,,,,,,,,https://fallout.fandom.com/wiki/Biff_(Fallout_2),,No,,
Charlie,vccharly,,,Vault City,,,,,,,,,https://fallout.fandom.com/wiki/Charlie_(Fallout_2),,No,,
Curtis,vccurtis,,,Vault City,,,,,,,,,https://fallout.fandom.com/wiki/Curtis_(Fallout_2),,No,,
Ed,vced,,,Vault City,,,,,,,,,https://fallout.fandom.com/wiki/Ed_(Fallout_2),,No,,
Mary Smith,vcfsmith,,,Vault City,,,,,,,,,https://fallout.fandom.com/wiki/Mary_Smith,,No,,
Melinda,vcmelind,,,Vault City,,,,,,,,,https://fallout.fandom.com/wiki/Melinda_(Fallout_2),,No,,
Smith,vcmsmith,,,Vault City,,,,,,,,,https://fallout.fandom.com/wiki/Smith_(Fallout_2),,No,,
Darrow,vcdarrow,,,Vault City,,,,,,,,,https://fallout.fandom.com/wiki/Darrow,,No,,
Holden,vcfarrel,,,Vault City,,,,,,,,,https://fallout.fandom.com/wiki/Holden,,No,,
Kohl,vckohl,,,Vault City,,,,,,,,,https://fallout.fandom.com/wiki/Kohl,,No,,
Randal,vcrandal,,,Vault City,,,,,,,,,https://fallout.fandom.com/wiki/Randal_(Fallout_2),,No,,
Martin,vcsupgrd,,,Vault City,,,,,,,,,https://fallout.fandom.com/wiki/Martin_(Fallout_2),,No,,
Jeremy,gcjerem,,,Gecko,,,,,,,,,https://fallout.fandom.com/wiki/Jeremy_(Fallout_2),,No,,
Lumpy,gclumpy,,,Gecko,,,,,,,,,https://fallout.fandom.com/wiki/Lumpy_(Gecko),,No,,
Aileen,hcaileen,,,Broken Hills,,,,,,,,,https://fallout.fandom.com/wiki/Aileen,,No,,
Bill,hcoutfit,,,Broken Hills,,,,,,,,,https://fallout.fandom.com/wiki/Bill_(Broken_Hills),,No,,
Brian,hcbrian,,,Broken Hills,,,,,,,,,https://fallout.fandom.com/wiki/Brian_(Fallout_2),,No,,
Elmo,hcelmo,,,Broken Hills,,,,,,,,,https://fallout.fandom.com/wiki/Elmo,,No,,
Franc,hcfrank,,,Broken Hills,,,,,,,,,https://fallout.fandom.com/wiki/Franc,,No,,
Feuding couple,hchuswif,,,Broken Hills,,,,,,,,,https://fallout.fandom.com/wiki/Feuding_couple,,No,,
Liz,hcliz,,,Broken Hills,,,,,,,,,https://fallout.fandom.com/wiki/Liz,,No,,
Lumpy,hclumpy,,,Broken Hills,,,,,,,,,https://fallout.fandom.com/wiki/Lumpy_(Broken_Hills),,No,,
Manson,hcmanson,,,Broken Hills,,,,,,,,,https://fallout.fandom.com/wiki/Manson,,No,,
Micky,hcmicky,,,Broken Hills,,,,,,,,,https://fallout.fandom.com/wiki/Micky_(Fallout_2),,No,,
Phil,hcphil,,,Broken Hills,,,,,,,,,https://fallout.fandom.com/wiki/Phil_(Broken_Hills),,No,,
Refinery supervisor,hcsuper,,,Broken Hills,,,,,,,,,https://fallout.fandom.com/wiki/Refinery_supervisor,,No,,
Chuck Stodgers,hcchuck,,,Broken Hills,,,,,,,,,https://fallout.fandom.com/wiki/Chuck_Stodgers,,No,,
Professor,hcprof,,,Broken Hills,,,,,,,,,https://fallout.fandom.com/wiki/Professor,,No,,
Professor's radscorpion,,,,Broken Hills,,,,,,,,,https://fallout.fandom.com/wiki/Professor%27s_radscorpion,,No,,
Dan's wife,hidead,,,Broken Hills,,,,,,,,,https://fallout.fandom.com/wiki/Dan%27s_wife_(Fallout_2),,No,,
Athabaska Dick,rcdick,,,Redding,,,,,,,,,https://fallout.fandom.com/wiki/Athabaska_Dick,,No,,
Blasphemous Bette,rcbette,,,Redding,,,,,,,,,https://fallout.fandom.com/wiki/Blasphemous_Bette,,No,,
Caminetto,rccamint,,,Redding,,,,,,,,,https://fallout.fandom.com/wiki/Caminetto,,No,,
Melchior Jr.,ecmelkid,,,Redding,,,,,,,,,https://fallout.fandom.com/wiki/Melchior_Jr.,,No,,
Madame Modjeska,rcmodjes,,,Redding,,,,,,,,,https://fallout.fandom.com/wiki/Modjeska,,No,,
Rattray,rcratray,,,Redding,,,,,,,,,https://fallout.fandom.com/wiki/Rattray,,No,,
Rooney,rcrooney,,,Redding,,,,,,,,,https://fallout.fandom.com/wiki/Rooney,,No,,
Enrico Savinelli,rcsavine,,,Redding,,,,,,,,,https://fallout.fandom.com/wiki/Enrico_Savinelli,,No,,
Ferndown,,,,Redding,,,,,,,,,https://fallout.fandom.com/wiki/Ferndown,,No,,
Frog Morton,ecraider,,,Redding,,,,,,,,,https://fallout.fandom.com/wiki/Frog_Morton,,No,,
Jackpot Jane,rcjane,,,Redding,,,,,,,,,https://fallout.fandom.com/wiki/Jackpot_Jane,,No,,
James Hoffy,rchoffy,,,Redding,,,,,,,,,https://fallout.fandom.com/wiki/James_Hoffy,,No,,
Josh Laurence,rcjosh,,,Redding,,,,,,,,,https://fallout.fandom.com/wiki/Josh_Laurence,,No,,
Nording,rcnord,,,Redding,,,,,,,,,https://fallout.fandom.com/wiki/Nording,,No,,
Stanwell,rcstanwl,,,Redding,,,,,,,,,https://fallout.fandom.com/wiki/Stanwell,,No,,
Velani,rcvelani,,,Redding,,,,,,,,,https://fallout.fandom.com/wiki/Velani,,No,,
Cody,nccody,,,New Reno,,,,,,,,,https://fallout.fandom.com/wiki/Cody,,No,,
Pretty Boy Lloyd,nclloyd,,,New Reno,,,,,,,,,https://fallout.fandom.com/wiki/Pretty_Boy_Lloyd,,No,,
Sheb,ncsheb,,,New Reno,,,,,,,,,https://fallout.fandom.com/wiki/Sheb,,No,,
Bill,ncbill,,,New Reno,,,,,,,,,https://fallout.fandom.com/wiki/Bill_(New_Reno),,No,,
Corsican Brothers,nccorbro,,,New Reno,,,,,,,,,https://fallout.fandom.com/wiki/Corsican_Brothers,,No,,
Evan Holyfeld,nchollyf,,,New Reno,,,,,,,,,https://fallout.fandom.com/wiki/Evan_Holyfeld,,No,,
Frenchy,ncband,,,New Reno,,,,,,,,,https://fallout.fandom.com/wiki/Frenchy,,No,,
Mark Torrance,,,,New Reno,,,,,,,,,https://fallout.fandom.com/wiki/Mark_Torrance,,No,,
Masticator,nctyson,,,New Reno,,,,,,,,,https://fallout.fandom.com/wiki/Masticator,,No,,
Old Man McGee,nccaspat,,,New Reno,,,,,,,,,https://fallout.fandom.com/wiki/Old_Man_McGee,,No,,
Pete McKneely,,,,New Reno,,,,,,,,,https://fallout.fandom.com/wiki/Pete_McKneely,,No,,
Joqq,,,,New Reno,,,,,,,,,https://fallout.fandom.com/wiki/Joqq,,No,,
Tony Gunn,,,,New Reno,,,,,,,,,https://fallout.fandom.com/wiki/Tony_Gunn,,No,,
Xander Holyland,,,,New Reno,,,,,,,,,https://fallout.fandom.com/wiki/Xander_Holyland,,No,,
Algernon,ncalgern,,,New Reno,,,,,,,,,https://fallout.fandom.com/wiki/Algernon,,No,,
Buck,,,,New Reno,,,,,,,,,https://fallout.fandom.com/wiki/Buck_(Fallout_2),,No,,
Missy,,,,New Reno,,,,,,,,,https://fallout.fandom.com/wiki/Missy,,No,,
Packard,,,,New Reno,,,,,,,,,https://fallout.fandom.com/wiki/Packard,,No,,
Ramirez,ncmormen,,,Stables,,,,,,,,,https://fallout.fandom.com/wiki/Ramirez_(Fallout_2),,No,,
Buster,scbuster,,,NCR,,,,,,,,,https://fallout.fandom.com/wiki/Buster,,No,,
Doofus,scskeete,,,NCR,,,,,,,,,https://fallout.fandom.com/wiki/Doofus,,No,,
Mikey Frazier,scmikey,,,NCR,,,,,,,,,https://fallout.fandom.com/wiki/Mikey_Frazier,,No,,
Ratch Scratch,scratch,,,NCR,,,,,,,,,https://fallout.fandom.com/wiki/Ratch,,No,,
Dorothy,scdoroth,,,NCR,,,,,,,,,https://fallout.fandom.com/wiki/Dorothy_(Fallout_2),,No,,
Duppo,scduppo,,,NCR,,,,,,,,,https://fallout.fandom.com/wiki/Duppo,,No,,
Dusty,scdusty,,,NCR,,,,,,,,,https://fallout.fandom.com/wiki/Dusty_(Fallout_2),,No,,
Gond,scgond,,,NCR,,,,,,,,,https://fallout.fandom.com/wiki/Gond,,No,,
Hoss,schoss,,,NCR,,,,,,,,,https://fallout.fandom.com/wiki/Hoss_(Fallout_2),,No,,
Jack,scofjack,,,NCR,,,,,,,,,https://fallout.fandom.com/wiki/Jack_(Fallout_2),,No,,
Karl,sckarl,,,NCR,,,,,,,,,https://fallout.fandom.com/wiki/Karl_(NCR),,No,,
Luke,fcnluke,,,NCR,,,,,,,,,https://fallout.fandom.com/wiki/Luke_(Fallout_2),,No,,
Oswald,scoswald,,,NCR,,,,,,,,,https://fallout.fandom.com/wiki/Oswald,,No,,
Rondo,scrondo,,,NCR,,,,,,,,,https://fallout.fandom.com/wiki/Rondo,,No,,
Toto,,,,NCR,,,,,,,,,https://fallout.fandom.com/wiki/Toto,,No,,
Felix,scfelix,,,NCR,,,,,,,,,https://fallout.fandom.com/wiki/Felix_(Fallout_2),,No,,
Grant,scwesgrd,,,NCR,,,,,,,,,https://fallout.fandom.com/wiki/Grant_(Fallout_2),,No,,
Saltbeef Bob,scsalbob,,,NCR,,,,,,,,,https://fallout.fandom.com/wiki/Saltbeef_Bob,,No,,
Feargus,scfergus,,,NCR,,,,,,,,,https://fallout.fandom.com/wiki/Feargus_(NCR),,No,,
Frank Carlson,sccarlsn,,,NCR,,,,,,,,,https://fallout.fandom.com/wiki/Frank_Carlson,,No,,
Gunther,scgunthr,,,NCR,,,,,,,,,https://fallout.fandom.com/wiki/Gunther_(Fallout_2),,No,,
Bill,scjohn,,,Vault 15,,,,,,,,,https://fallout.fandom.com/wiki/Bill_(Vault_15),,No,,
Roberta,bcrobert,,,Vault 15,,,,,,,,,https://fallout.fandom.com/wiki/Roberta,,No,,
Baddog,,,,Vault 15,,,,,,,,,https://fallout.fandom.com/wiki/Baddog,,No,,
Karla,bckarla,,,Vault 15,,,,,,,,,https://fallout.fandom.com/wiki/Karla_(Fallout_2),,No,,
Phil,bcphil,,,Vault 15,,,,,,,,,https://fallout.fandom.com/wiki/Phil_(Khans),,No,,
Baby deathclaws,,,,Vault 13,,,,,,,,,https://fallout.fandom.com/wiki/Deathclaw_(Fallout_2)#Deathclaw_spawn,,No,,
Dar,ocdar,,,Vault 13,,,,,,,,,https://fallout.fandom.com/wiki/Dar_(Fallout_2),,No,,
Jul,ocjul,,,Vault 13,,,,,,,,,https://fallout.fandom.com/wiki/Jul,,No,,
Kerith,ockerith,,,Vault 13,,,,,,,,,https://fallout.fandom.com/wiki/Kerith,,No,,
Thearn,octhearn,,,Vault 13,,,,,,,,,https://fallout.fandom.com/wiki/Thearn,,No,,
Valdis,ocvaldis,,,Vault 13,,,,,,,,,https://fallout.fandom.com/wiki/Valdis,,No,,
Dave,ocdave,,,Vault 13,,,,,,,,,https://fallout.fandom.com/wiki/Dave_(Fallout_2),,No,,
Jimmy,ocjimmy,,,Vault 13,,,,,,,,,https://fallout.fandom.com/wiki/Jimmy_(Vault_13),,No,,
Matt,ocmatt,,,Vault 13,,,,,,,,,https://fallout.fandom.com/wiki/Matt_(Vault_13),,No,,
Sandy,ocsandy,,,Vault 13,,,,,,,,,https://fallout.fandom.com/wiki/Sandy_(Fallout_2),,No,,
Melchior,ecmelchr,,,Mariposa,,,,,,,,,https://fallout.fandom.com/wiki/Melchior,,No,,
Grundel,ecgrunde,,,Mariposa,,,,,,,,,https://fallout.fandom.com/wiki/Grundel,,No,,
ACE,fsface,,,San Francisco,,,,,,,,,https://fallout.fandom.com/wiki/ACE,,No,,
Jing Tie Gahng,fcchemst,,,San Francisco,,,,,,,,,https://fallout.fandom.com/wiki/Jing_Tie_Gahng,,No,,
Mai Da Chiang,fcgunmer,,,San Francisco,,,,,,,,,https://fallout.fandom.com/wiki/Mai_Da_Chiang,,No,,
Shi Emperor,fsempter,,,San Francisco,,,,,,,,,https://fallout.fandom.com/wiki/Shi_Emperor,,No,,
Cal,fctnkgmr,,,San Francisco,,,,,,,,,https://fallout.fandom.com/wiki/Cal,,No,,
Jenna,fctnkmer,,,San Francisco,,,,,,,,,https://fallout.fandom.com/wiki/Jenna,,No,,
Marc,fcmarc,,,San Francisco,,,,,,,,,https://fallout.fandom.com/wiki/Marc_(San_Francisco),,No,,
Slim,fctnkbar,,,San Francisco,,,,,,,,,https://fallout.fandom.com/wiki/Slim_(San_Francisco),,No,,
Crocket,fccrocke,,,San Francisco,,,,,,,,,https://fallout.fandom.com/wiki/Crocket,,No,,
Dave Handy,fcdaveh,,,San Francisco,,,,,,,,,https://fallout.fandom.com/wiki/Dave_Handy,,No,,
Harry,fcrocman,,,San Francisco,,,,,,,,,https://fallout.fandom.com/wiki/Harry_(Fallout_2),,No,,
Commander's door guard,ccdrgrd,,,Navarro,,,,,,,,,https://fallout.fandom.com/wiki/Commander%27s_door_guard,,No,,
Cookie,cccook,,,Navarro,,,,,,,,,https://fallout.fandom.com/wiki/Cookie_(Navarro),,No,,
Kevin,cckevin,,,Navarro,,,,,,,,,https://fallout.fandom.com/wiki/Kevin_(Fallout_2),,No,,
Snookie,ccmedgrd,,,Navarro,,,,,,,,,https://fallout.fandom.com/wiki/Snookie,,No,,
Martin Frobisher,qcmartin,,,Enclave Oil Rig,,,,,,,,,https://fallout.fandom.com/wiki/Martin_Frobisher,,No,,
Secretary,qcprssec,,,Enclave Oil Rig,,,,,,,,,https://fallout.fandom.com/wiki/Secretary_(Fallout_2),,No,,
Tom Murray,qcmurray,,,Enclave Oil Rig,,,,,,,,,https://fallout.fandom.com/wiki/Tom_Murray,,No,,
Alexand,,,,Special Encounter,,,,,,,,,https://fallout.fandom.com/wiki/Alexand,,No,,
Amish commando,,,,Special Encounter,,,,,,,,,https://fallout.fandom.com/wiki/Amish_commando,,No,,
BlueCross,,,,Special Encounter,,,,,,,,,https://fallout.fandom.com/wiki/BlueCross,,No,,
Buffy,,,,Special Encounter,,,,,,,,,https://fallout.fandom.com/wiki/Buffy,,No,,
Doombot,,,,Special Encounter,,,,,,,,,https://fallout.fandom.com/wiki/Doombot,,No,,
Hatchetman,,,,Special Encounter,,,,,,,,,https://fallout.fandom.com/wiki/Hatchetman,,No,,
Iguana Eater,,,,Special Encounter,,,,,,,,,https://fallout.fandom.com/wiki/Iguana_Eater,,No,,
Lerk,,,,Special Encounter,,,,,,,,,https://fallout.fandom.com/wiki/Lerk,,No,,
Night Owl,,,,Special Encounter,,,,,,,,,https://fallout.fandom.com/wiki/Night_Owl,,No,,
Panoply,,,,Special Encounter,,,,,,,,,https://fallout.fandom.com/wiki/Panoply,,No,,
Set,,,,Special Encounter,,,,,,,,,https://fallout.fandom.com/wiki/Set,,No,,
Shadow Dancer,,,,Special Encounter,,,,,,,,,https://fallout.fandom.com/wiki/Shadow_Dancer,,No,,
Ymir,,,,Special Encounter,,,,,,,,,https://fallout.fandom.com/wiki/Ymir,,No,,
Willy,ectrader,,,Special Encounter,,,,,,,,,https://fallout.fandom.com/wiki/Willy_(Fallout_2),,No,,
